Team,Elo,Tilt
Wanderers (Uru),1480.5813,0.95
Macara (Ecu),1494.0995,1.01
Oriente Petrolero (Bol),1390.568,1.2
San Jose,1326.7094,1.2
Olimpia Asuncion (Par),1543.6667,1.13
Lara,1556.0914,0.24
Dep. Tachira (Ven),1431.5734,1.15
Dep. Anzoategui,1416.8504,0.35
U. de Deportes (Per),1464.7302,1.05
Trujillanos,1300.8132,0.24
La Guaira,1618.3279,0.67
Monagas,1508.7802,0.63
Metropolitanos,1571.0227,0.52
Sport Boys,1456.9967,0.45
Bolivar,1763.0278,1.36
Aurora,1581.312,1.15
Portuguesa,1537.4966,0.44
Blooming,1518.4353,1.14
Dep. Tachira,1731.4781,0.48
Carabobo (Ven),1469.9006,1.02
S. Wanderers (Chi),1486.7689,1.01
Banfield (Arg),1475.5681,0.97
Chapecoense-SC (Bra),1487.1651,0.96
U. De Concepcion (Chi),1466.5072,1.09
Real Potosi,1337.1062,1.23
U. Catolica,1601.1223,1.2
Perak 2,1430.4832,0.53
Cajamarca,1447.5966,0.51
Antofagasta,1465.3623,0.97
Dep. Municipal,1444.4289,0.24
Johor DT,1878.8705,0.28
Binacional,1493.4114,0.51
Royal Pari,1479.8968,1.09
Terengganu,1609.6561,0.8
The Strongest,1687.2567,1.24
Melaka United,1445.4413,0.24
Montevideo City,1498.373,0.45
Fenix,1440.7161,0.24
Diaz,1357.312,0.24
Sp. Luqueno,1508.4721,0.5
Palestino,1604.487,1.14
River Plate,1551.9216,0.71
Mineros,1425.0574,0.24
Guarani,1520.3159,0.77
Racing Montevideo,1550.3358,0.48
Sri Pahang,1506.9627,0.81
U. Sucre,1379.7108,1.12
U. De Concepcion,1476.0819,1.06
Deportivo Santani,1387.9089,0.24
Progreso,1428.5267,0.77
Defensor Sp.,1601.0429,0.48
Everton,1614.1518,1.06
U. De Chile,1634.1492,1.12
Puerto Cabello,1582.5217,0.59
Caracas,1590.8618,0.39
Zamora,1488.7272,0.52
CA Cerro,1468.2298,0.43
Alianza Lima,1712.2447,0.52
Kuala Lumpur City,1577.4368,0.88
Atl. Venezuela,1478.2246,0.24
Aragua,1466.605,0.24
U. San Martin,1341.6686,0.24
Nacional Asuncion,1528.7107,0.53
A. Italiano,1530.8283,1.16
Zulia,1474.6539,0.24
Independiente FBC,1459.1415,0.43
Sport Rosario,1394.6048,0.43
Wilstermann,1562.1308,1.02
Oriente Petrolero,1495.0444,1.25
Kelantan,1317.9202,0.44
San Luis,1419.2882,1.07
Sport Huancayo,1522.8145,0.43
Guarani (Par),1535.3474,1.1
Negeri Sembilan,1435.8923,0.99
Selangor,1700.4744,0.69
Kedah,1539.3502,0.67
FBC Melgar (Per),1484.1169,1.11
Selangor 2,1501.2583,0.49
Ind. del Valle (Ecu),1591.877,1.16
Nacional Potosi,1575.5033,1.36
Nacional (Uru),1547.0115,1.03
Vasco (Bra),1498.0211,1.01
Santa Fe (Col),1504.5288,0.96
Buriram,1824.2149,1.29
Union La Calera,1527.277,1.06
Wilstermann (Bol),1424.015,1.14
Cusco,1559.4615,0.48
Dep. Capiata,1409.6758,0.24
Junior (Col),1529.4321,1.09
Sol de America,1483.8819,0.24
U. Espanola,1513.5262,1.22
Deportes Iquique,1491.4002,1.2
Chainat,1437.0892,1.1
Bangkok Utd,1726.9632,1.14
Rampla Juniors,1418.3129,0.24
Boston River,1527.398,0.45
Destroyers,1341.0618,1.12
Estudiantes Caracas,1399.5755,0.24
Chiangrai Utd,1503.0241,1.03
Perak,1463.6994,0.93
Air Force Central,1352.2327,1.2
U. de Deportes,1747.7364,0.52
Ayacucho,1436.9478,0.55
AD Cantolao,1387.7367,0.24
Huachipato,1535.8883,1.1
Port MTI FC,1661.391,1.26
Danubio,1531.606,0.4
Nakhon Ratchasima FC,1475.4074,1.19
Estudiantes Merida,1518.2384,0.57
Deportes Temuco,1441.2039,1.08
Thai Navy,1403.8582,1.32
Atenas,1423.2091,0.53
Comerciantes Unidos,1417.0085,0.48
FBC Melgar,1715.1334,0.42
Prachuap,1541.9771,1.09
Sporting Cristal,1715.5222,0.59
Libertad Asuncion,1675.8347,0.68
3 de Febrero,1441.1577,0.43
Penarol,1708.3476,0.52
Curico Unido,1439.7296,1.15
Olimpia Asuncion,1677.9541,0.65
Carabobo,1640.9045,0.54
Colo Colo,1700.3975,1.04
Union Comercio,1370.9906,0.24
Cajamarca (Per),1461.4243,1.05
Sp. Luqueno (Par),1482.5898,1.05
O'Higgins,1464.184,1.11
Zamora (Ven),1439.907,1.04
Nacional Asuncion (Par),1427.7326,1.15
Chonburi,1494.9828,1.14
Waterford,1494.1746,0.62
St. Patricks,1649.9234,0.46
U. Espanola (Chi),1464.4644,1.09
Bohemians,1497.1624,0.83
Dundalk,1480.9918,0.24
Defensa y Justicia (Arg),1530.5295,1.13
Wanderers,1500.629,0.43
Liverpool M.,1567.8379,0.52
Cerro Porteno,1623.1671,0.66
Suphanburi,1444.9898,1.13
Muang Thong Utd,1628.4592,1.28
Samut Prakan City,1484.3584,1.15
Barcelona SC,1659.6871,1.24
Police Tero,1455.755,1.24
Sligo Rovers,1487.8832,0.84
Macara,1482.9198,1.05
EL Nacional,1526.7827,1.1
Nacional,1667.6062,0.92
Dep. Cuenca,1516.3825,1.11
Sukhothai,1463.9411,1.11
Ratchaburi,1600.0907,1.11
Ubon,1428.7793,1.11
Aucas,1581.3769,1.17
Sport Rosario (Per),1489.0488,0.98
Guayaquil City,1422.3404,1.03
Lanus (Arg),1586.8293,1.09
Barcelona SC (Ecu),1520.6013,1.11
EL Nacional (Ecu),1500.6898,1.09
Everton (Chi),1494.5748,0.99
Shamrock Rovers,1675.4487,0.62
Cork City,1417.3718,0.46
Sagan Tosu,1480.2747,0.39
Bray,1314.5914,0.46
Emelec,1508.1474,0.97
Limerick,1353.4083,0.49
Riteriai,1477.5522,1.2
Suduva,1553.0924,1.06
Shonan Bellmare,1578.4271,0.47
Ind. del Valle,1696.9559,1.1
Sanfrecce Hiroshima,1698.5338,0.47
FC Tokyo,1588.9972,0.4
Gamba Osaka,1605.592,0.68
Guabira,1476.2706,1.17
Delfin,1505.7137,1.12
Renofa Yamaguchi,1442.6591,0.46
Zalgiris,1761.4238,1.26
Palanga,1324.2658,1.22
Verdy,1587.073,0.48
Kamatamare,1374.9019,0.45
Cerezo Osaka,1564.947,0.73
Vegalta Sendai,1514.7177,0.4
Yokohama FC,1567.1306,0.36
Kyoto,1560.297,0.47
Avispa Fukuoka,1560.2123,0.42
Shimizu S-Pulse,1627.7424,0.4
Ehime,1337.2528,0.41
Mito,1433.6063,0.5
Tochigi SC,1403.1415,0.24
Tokushima,1514.306,0.4
Tecnico U.,1534.2282,1.13
Omiya Ardija,1424.6889,0.51
Iwata,1509.6963,0.51
Monagas (Ven),1437.6905,1.1
Defensor Sp. (Uru),1432.0327,1.04
LDU Quito,1729.4952,1.16
Colo Colo (Chi),1475.7577,1.02
Racing Club (Arg),1664.8219,1.19
Jeonbuk,1576.4313,1.13
Delfin (Ecu),1488.636,1.16
Flamengo RJ (Bra),1679.4066,1.12
Suwon Bluewings,1470.4937,1.05
Jeju Utd,1514.3252,1.07
Cusco (Per),1474.1771,0.97
Lara (Ven),1401.6464,1.15
Millonarios (Col),1488.6734,1.05
Shanghai Shenhua,1746.9474,1.13
Kawasaki Frontale,1653.2971,0.55
Alianza Lima (Per),1410.5957,1.1
Henan Songshan Longmen,1543.3431,1.03
Guangzhou FC,1469.5068,1.16
Kashiwa Reysol,1544.0532,0.47
Shanghai Port,1800.1374,1.32
Chongqing Liangjiang Athletic,1446.895,1.13
Levadia,1795.7267,1.15
Flora,1714.0484,1.19
Tianjin Jinmen Tiger,1571.3035,1.15
Tallinna Kalev,1399.1687,1.13
Albirex Niigata,1525.0888,1.06
Kauno Zalgiris,1625.7887,1.16
Kuressaare,1461.1188,1.16
Daejeon,1590.9557,1.1
Gwangju FC,1561.8919,1.03
Pohang,1561.0321,1.1
V-Varen Nagasaki,1590.9669,0.61
Toronto FC,1358.1502,0.55
Houston Dynamo,1521.8163,0.45
Nagoya Grampus,1549.281,0.76
Kofu,1454.5757,0.46
Vissel Kobe,1687.7225,0.4
Kashima Antlers,1687.3558,0.58
Gangwon,1589.5781,1.12
Busan,1487.3623,1.06
Gifu,1353.9832,0.24
Stumbras,1468.7613,1.09
Seattle Sounders,1601.5037,0.67
Jonava,1263.7172,1.18
Shandong Taishan,1680.7835,1.22
Guizhou,1410.2154,1.15
Machida,1652.1035,0.51
Kumamoto,1456.0938,0.59
Kanazawa,1372.0437,0.24
Urawa Reds,1596.1257,0.44
Oita Trinita,1444.5473,0.36
Asan,1460.7176,1.21
Okayama,1584.8067,0.43
Suwon FC,1518.3279,1.2
Gyeongnam,1389.6308,1.17
Philadelphia Union,1581.2914,0.67
Orlando City,1565.1957,0.65
FC Dallas,1501.2167,0.63
San Jose Earthquakes,1395.0386,0.5
Chiba,1577.0065,0.53
Pathum United,1628.1195,1.1
Vancouver Whitecaps,1548.4027,0.56
Sporting Kansas City,1436.668,0.38
Los Angeles Galaxy,1556.5779,0.42
San Jose (Bol),1435.1788,1.12
Caracas (Ven),1424.6831,1.08
Atlantas,1349.6222,1.15
Colon Santa Fe (Arg),1538.1563,1.06
Diaz (Par),1491.1754,1.01
CA Cerro (Uru),1503.6831,0.97
Dep. Cuenca (Ecu),1468.9505,1.09
Sporting Cristal (Per),1461.8083,1.13
Mineros (Ven),1482.7877,1.01
Rampla Juniors (Uru),1496.393,1.0
America De Cali (Col),1455.3334,1.11
Sport Huancayo (Per),1439.9049,1.11
Narva,1462.1006,1.14
Parnu JK Vaprus,1431.507,1.04
Tulevik,1405.831,1.14
Daegu,1550.6068,1.18
Incheon,1542.4233,1.04
Seongnam,1336.485,1.16
Ulsan HD,1701.5119,1.07
New England Revolution,1415.8195,0.27
Yokohama F. Marinos,1609.7391,0.31
Guangzhou City,1388.4751,1.17
Columbus Crew,1635.213,0.48
Tianjin Tianhai,1450.7142,1.2
Real Salt Lake,1517.9236,0.46
Hokkaido Consadole Sapporo,1481.0148,0.5
Start,1459.314,0.24
Sarpsborg 08,1576.3153,0.24
Odd,1484.7881,0.24
Stromsgodset,1565.402,0.24
Ordabasy,1595.9348,0.36
Kairat Almaty,1642.3376,0.45
Atlanta Utd,1518.6131,0.45
New York Red Bulls,1539.9418,0.34
FC Astana,1643.7433,0.4
Zhetysu Taldykorgan,1415.2526,0.31
Kaisar Kyzylorda,1482.0857,0.26
Ertis Pavlodar,1481.6043,0.24
New York City,1535.3209,0.45
Chicago Fire,1408.7627,0.59
Molde,1711.0787,0.63
Ansan Greeners,1323.2498,1.11
Seoul E-Land,1453.4638,1.2
Seoul,1607.8668,1.07
Bodo/Glimt,1797.7388,0.4
Jeonnam,1483.2984,1.22
Jiangsu Suning,1637.9224,1.1
Anyang,1484.3553,1.14
Kristiansund,1547.4058,0.24
Derry City,1602.5913,0.52
Atl. Tucuman (Arg),1478.0002,1.01
Cerro Porteno (Par),1526.7665,1.04
Bolivar (Bol),1539.2066,1.17
Estudiantes L.P. (Arg),1580.5769,1.04
Tammeka,1465.8543,1.16
Kalju,1642.9896,1.24
The Strongest (Bol),1463.4155,1.08
Emelec (Ecu),1524.1476,1.07
Santos (Bra),1526.9235,1.01
Corinthians (Bra),1614.9853,1.08
Atl. Nacional (Col),1488.4211,1.1
Independiente (Arg),1583.7225,1.12
Dalian Pro,1421.3964,1.14
Montedio Yamagata,1563.7701,0.61
Lillestrom,1496.6943,0.24
Yamaga,1384.5225,0.24
Rosenborg,1667.1494,0.24
Hebei,1269.5115,1.33
CF Montreal,1447.0854,0.47
New York Red Bulls 2,1413.5609,0.24
Tacoma Defiance,1456.9483,0.24
Tobol,1588.2074,0.24
DC United,1442.6974,0.54
Minnesota United,1532.7385,0.3
North Carolina,1545.7146,0.24
Reno,1589.2857,0.25
Colorado Springs,1589.7669,0.24
Oklahoma City Energy,1423.9755,0.24
Charlotte Independ.,1505.5501,0.24
Charleston,1604.7489,0.24
Orange County SC,1533.4339,0.24
Changchun Yatai,1514.4606,1.28
Valerenga,1652.1367,0.24
Haugesund,1539.795,0.24
Brann,1737.6003,0.24
Bethlehem,1408.1214,0.28
Sacramento Republic,1571.0361,0.24
FC Bhayangkara,1514.2462,1.15
Bali United,1568.5665,1.18
Richmond Kickers,1398.2061,0.61
Arema FC,1547.2384,1.23
Persipura Jayapura,1513.9331,1.13
Phoenix Rising,1520.253,0.24
Las Vegas Lights,1513.2951,0.24
Persebaya,1548.9657,1.03
San Antonio,1519.3223,0.24
Tampa Bay,1550.7562,0.24
Atlanta United 2,1360.0884,0.24
FC Tulsa,1439.1323,0.24
Borneo,1590.3119,1.07
PSM Makassar,1584.7494,1.05
Colorado Rapids,1467.7639,0.41
Madura United,1493.0117,1.18
Persib Bandung,1683.9068,1.15
Persela Lamongan,1396.981,1.17
FK Liepaja,1527.2006,0.39
Ventspils,1517.7248,0.24
Barito Putera,1498.6786,1.17
Real Monarchs,1467.147,0.24
Louisville City,1637.0687,0.24
AFC Eskilstuna,1401.2143,0.24
Saint Louis FC,1487.3028,0.24
Aktobe,1608.046,0.32
PSMS Medan,1443.5988,1.27
Persija Jakarta,1595.6277,1.13
Badak Lampung,1424.7011,1.11
Atyrau,1511.6581,0.37
FK Akzhayik,1424.0412,0.24
Beijing Guoan,1686.6174,1.28
Paide,1707.532,1.15
Ventura County,1457.2715,0.24
PSIS Semarang,1483.6674,1.05
Landskrona,1460.3089,0.24
Trelleborg,1439.5102,0.24
Sriwijaya,1452.5062,1.14
Oster,1572.5097,0.24
Jelgava,1364.3359,0.27
Hammarby,1706.7321,0.24
Ostersund,1418.2761,0.24
Shakhter Karagandy,1369.3268,0.24
GAIS,1591.8327,0.24
RFS,1782.009,0.38
Monterey Bay,1439.4065,0.24
Rio Grande,1528.4071,0.24
Pittsburgh,1598.8152,0.24
Indy Eleven,1517.1058,0.24
Kyzylzhar,1499.2271,0.37
Hacken,1630.7396,0.24
Notodden,1422.5849,0.25
Mjondalen,1436.4855,0.24
Kongsvinger,1490.5777,0.24
Persikabo 1973,1396.4786,1.28
Frej,1421.7086,0.25
Gefle,1376.2699,0.24
Ull/Kisa,1396.3845,0.24
Sandnes,1295.4732,0.24
Ranheim,1450.1537,0.24
Mitra Kukar,1448.2724,1.13
Norrkoping,1536.6327,0.24
Asane,1444.9439,0.24
Sundsvall,1416.9623,0.24
Elfsborg,1661.0114,0.29
AIK,1648.7318,0.24
Aalesund,1454.8069,0.24
Varberg,1451.4306,0.24
Palmeiras (Bra),1734.5702,1.26
Young Lions,1261.8276,1.13
Libertad Asuncion (Par),1531.8627,1.1
Lion City,1709.1725,1.15
Geylang,1520.9476,1.28
U. De Chile (Chi),1448.9299,0.96
Sporting Kansas City II,1417.5157,0.24
Penarol (Uru),1537.8031,1.18
Cruzeiro (Bra),1585.5806,1.05
Gremio (Bra),1613.1371,1.18
Boca Juniors (Arg),1597.6716,0.88
River Plate (Arg),1633.4146,1.16
VPS,1568.5652,1.2
SJK,1543.5382,1.22
Orebro,1441.0153,0.24
Spartaks,1430.602,0.24
Degerfors,1540.4882,0.24
Tampines,1645.4541,1.04
Jonkoping,1390.8025,0.24
Falkenberg,1355.668,0.24
Helsingborg,1461.8303,0.24
Rovaniemi,1363.5622,1.12
Beijing Renhe,1347.3861,1.14
KuPS,1708.0332,1.08
HJK,1603.8321,1.14
Lahti,1425.8106,1.13
Orgryte,1479.3634,0.24
Dalkurd,1392.6457,0.24
Kalmar,1544.7368,0.24
Djurgarden,1683.4557,0.41
FC Cincinnati,1552.2216,0.4
Norrby,1430.7254,0.24
Balestier Khalsa,1431.2141,1.34
HamKam,1537.8494,0.24
Floro,1402.0355,0.57
Tromso,1596.2239,0.24
Sandefjord,1540.2758,0.24
Strommen,1404.6879,0.24
Levanger,1381.3118,0.27
Riga FC,1830.2722,0.24
Sogndal,1417.5808,0.24
Jerv,1370.1114,0.24
Nest-Sotra,1546.0591,0.26
Malmo FF,1726.0827,0.35
Brage,1437.9716,0.24
Brommapojkarna,1543.8578,0.24
Goteborg,1555.6735,0.24
Viking,1692.2722,0.24
Jaguares de Cordoba (Col),1492.677,1.02
Varnamo,1560.5798,0.24
Dep. Cali (Col),1507.1923,1.12
LDU Quito (Ecu),1578.6738,1.18
San Lorenzo (Arg),1541.4576,0.94
Fluminense (Bra),1640.9907,1.15
Blooming (Bol),1445.8937,1.11
Sol de America (Par),1464.5743,0.98
Rosario Central (Arg),1508.5396,1.07
Athletico-PR (Bra),1641.9734,1.14
Metta,1403.0899,0.39
A. Italiano (Chi),1501.2402,0.99
Valmiera,1645.3257,0.24
Figueirense,1419.0866,1.22
Oeste,1362.87,1.17
Atletico GO,1481.4072,1.09
Fortaleza,1591.8407,1.13
Mariehamn,1435.6389,1.09
Cruzeiro,1585.1678,1.03
Vila Nova FC,1456.2378,1.12
Londrina,1393.3425,1.12
CSA,1479.2728,1.03
Brasil de Pelotas,1350.6462,0.95
Honka,1600.1123,1.07
Ilves,1639.4896,1.16
PS Kemi,1398.1283,1.09
TPS,1450.0209,1.17
Tromsdalen,1356.1962,0.24
Stabaek,1469.9234,0.24
Hougang,1421.4611,0.99
Sampaio Correa,1449.0619,1.11
Vasco,1552.4253,1.14
Internacional,1675.5227,1.12
America MG,1514.5671,1.18
Santos,1559.4441,1.14
Corinthians,1652.6681,1.16
Vitoria,1571.345,1.1
Ponte Preta,1393.3865,1.08
Portland Timbers,1493.2996,0.51
Athletico-PR,1552.4834,1.1
Halmstad,1524.4099,0.24
Sao Paulo,1620.3847,1.1
Botafogo RJ,1716.6856,1.06
Sirius,1595.772,0.24
Coritiba,1453.3125,1.2
Boa,1412.1124,1.01
Estudiantes Merida (Ven),1389.4792,1.14
Toronto FC II,1420.9072,0.68
Portland Timbers 2,1384.8448,0.24
CRB,1458.7629,1.1
Avai,1469.3655,1.07
Bahia,1569.6063,1.13
Goias,1563.008,1.14
Ottawa Fury,1520.7782,0.26
Inter Turku,1554.5917,1.16
Juventude,1530.2415,1.18
Sao Bento,1461.8047,1.21
Paysandu PA,1476.1738,1.13
Warriors,1432.5073,0.4
Parana,1388.8807,1.06
Palmeiras,1717.9056,1.13
Atletico-MG,1595.8673,1.13
Fluminense,1597.0745,1.01
Chapecoense-SC,1433.7474,1.09
Criciuma,1502.8438,1.14
Ceara,1543.1471,1.17
Flamengo RJ,1689.4381,1.16
Gremio,1586.1321,1.17
Sport Recife,1569.5683,1.2
Penn,1458.3476,0.6
Valur,1653.3554,0.24
Stjarnan,1622.9527,0.24
Bucheon FC 1995,1446.2817,1.08
Grindavik,1436.0912,0.43
Fjolnir,1363.6377,0.47
Vikingur Reykjavik,1702.566,0.41
Breidablik,1694.806,0.24
Los Angeles FC,1589.3626,0.44
Gimcheon Sangmu,1621.2915,1.15
Fylkir,1415.2263,0.24
Vestmannaeyjar,1435.8828,0.24
Hafnarfjordur,1510.6552,0.24
Keflavik,1402.4182,0.24
Atletico-MG (Bra),1642.8577,1.08
Danubio (Uru),1495.8906,1.04
Guabira (Bol),1431.3956,1.11
Deportes Temuco (Chi),1504.4573,1.0
Botafogo RJ (Bra),1614.2409,1.11
Sao Paulo (Bra),1632.7939,1.1
Newells Old Boys (Arg),1530.0359,1.03
Ind. Medellin (Col),1548.6403,1.23
Nacional Potosi (Bol),1461.9535,1.11
Boston River (Uru),1507.8604,0.95
KA Akureyri,1556.9391,0.24
Nashville SC,1463.1396,0.33
KR Reykjavik,1557.1813,0.24
Bahia (Bra),1548.1576,1.06
Sant Julia,1482.4413,1.01
FC Santa Coloma (And),1466.8203,1.01
La Fiorita (San),1407.6696,1.05
Tre Fiori,1506.2411,1.0
UE Engordany,1506.6074,1.01
Druids,1236.0072,0.24
B36 Torshavn,1506.8739,1.01
Europa FC,1482.2756,1.03
Birkirkara,1493.0109,1.01
Lincoln Red Imps (Gib),1425.055,1.14
DPMM,1424.7433,0.92
Klaksvik,1508.7331,1.29
Folgore,1493.3926,1.01
Bala,1575.01,0.96
Prishtina,1517.7244,1.03
St Josephs,1493.1261,1.01
Gzira,1517.5587,1.01
Drita (Kos),1494.0431,1.01
Dudelange (Lux),1498.5496,1.21
Cork City (Irl),1455.5771,1.02
Shkendija (Mkd),1443.562,1.09
Vikingur (Fai),1445.99,1.05
Samtredia (Geo),1482.6169,0.99
Alashkert (Arm),1479.8379,1.13
Flora (Est),1448.7883,1.18
Torpedo Kutaisi (Geo),1472.4548,1.16
Klaksvik (Fai),1514.5998,1.19
Ludogorets (Bul),1585.9923,1.23
Glenavon (Nir),1490.4067,1.04
Kukesi (Alb),1466.5562,1.04
Suduva (Ltu),1477.8462,1.03
Spartaks (Lat),1512.3262,0.99
O. Ljubljana (Slo),1561.2196,1.15
Fola (Lux),1425.0608,1.12
Trnava (Svk),1545.2268,1.1
Rabotnicki (Mkd),1490.4067,1.03
FC Astana (Kaz),1517.5012,1.16
Urartu (Arm),1425.7277,1.15
Vaduz (Lie),1470.8908,1.08
Valur (Ice),1440.8585,1.07
Vestmannaeyjar (Ice),1473.8433,1.02
Hibernian (Sco),1503.9732,1.24
Rudar (Mne),1473.3992,1.02
Buducnost (Mne),1441.9907,1.15
Lech Poznan (Pol),1575.8125,1.15
UE Engordany (And),1446.6832,1.1
Shamrock Rovers (Irl),1452.9233,1.11
Neftci Baku (Aze),1496.4446,1.17
B36 Torshavn (Fai),1447.825,1.11
Rangers (Sco),1586.1032,1.08
Racing Luxembourg (Lux),1447.4185,1.04
Gornik Zabrze (Pol),1486.7447,1.01
KuPS (Fin),1497.0359,1.14
Siroki Brijeg (Bih),1484.2205,1.07
CSKA Sofia (Bul),1540.7565,1.06
Stumbras (Ltu),1495.6041,0.99
Petrocub (Mda),1446.2687,0.94
Ferencvaros (Hun),1615.6906,1.19
Milsami (Mda),1442.4542,1.08
Cliftonville (Nir),1444.2765,1.03
Sp. Subotica (Srb),1495.7448,1.02
Narva (Est),1433.4843,1.04
Partizani (Alb),1475.2536,1.01
Rudar (Slo),1504.4959,1.06
Balzan (Mlt),1482.6782,1.1
Levadia (Est),1440.3581,1.16
Ilves (Fin),1477.5495,1.08
Riteriai (Ltu),1492.175,1.01
Lahti (Fin),1486.8653,0.99
Ventspils (Lat),1484.3338,1.15
Gabala (Aze),1453.2539,1.09
Dun. Streda (Svk),1464.8699,1.17
Chikhura (Geo),1491.1106,1.02
FK Liepaja (Lat),1470.206,1.01
Anorthosis (Cyp),1503.0689,1.03
Stjarnan (Ice),1437.8055,1.1
Radnicki Nis (Srb),1490.0819,1.1
Pyunik Yerevan (Arm),1499.3419,1.05
Derry City (Nir),1474.8628,1.05
Connahs Q. (Wal),1425.1295,1.07
Sonderjyske,1533.8816,1.25
Vejle,1489.978,1.13
Midtjylland,1719.1882,1.18
Nordsjaelland,1700.9691,1.28
Vendsyssel,1396.7872,1.16
FC Copenhagen,1717.7701,1.16
Randers FC,1636.9378,1.13
Valletta (Mlt),1450.9808,1.07
Crusaders (Nir),1459.7964,1.16
Crvena zvezda (Srb),1607.8431,1.11
H. Beer Sheva (Isr),1564.9026,1.16
Fehervar FC (Hun),1516.555,1.04
Levski Sofia (Bul),1520.0429,1.04
Malmo FF (Swe),1604.7527,1.2
Legia (Pol),1607.7228,1.13
Honved (Hun),1505.0599,1.02
TNS (Wal),1463.7743,1.14
HJK (Fin),1514.0441,1.18
Shkupi (Mkd),1447.7966,1.06
APOEL (Cyp),1540.0797,1.03
Celtic (Sco),1607.7723,1.16
Zrinjski (Bih),1517.3194,1.13
Sutjeska (Mne),1443.0198,0.94
Rosenborg (Nor),1584.549,1.21
Sheriff Tiraspol (Mda),1527.0267,1.03
Qarabag (Aze),1613.167,1.12
Zeljeznicar (Bih),1488.6768,1.07
Zaria Balti (Mda),1493.3926,0.99
Kairat Almaty (Kaz),1519.3286,1.14
Din. Minsk (Blr),1482.8985,1.08
Ertis Pavlodar (Kaz),1493.1261,0.97
Laci (Alb),1462.5999,0.98
Viitorul Constanta (Rou),1493.0736,1.08
AF Luftetari (Alb),1483.2607,1.06
NSI Runavik (Fai),1452.6301,1.15
FK Sarajevo (Bih),1466.0282,1.1
FC Copenhagen (Den),1652.4801,1.14
Ujpest (Hun),1475.4026,1.1
Domzale (Slo),1500.1531,1.12
Tre Fiori (San),1436.8787,1.03
Osijek (Cro),1504.8605,1.12
Hafnarfjordur (Ice),1488.4723,1.0
Beitar Jerusalem (Isr),1470.7266,0.99
Coleraine (Nir),1482.2391,1.04
Titograd (Mne),1479.7633,0.98
Partizan (Srb),1502.5146,1.16
Dundalk (Irl),1510.4422,1.07
Tobol (Kaz),1469.082,1.05
Trencin (Svk),1529.2415,1.04
Apollon (Cyp),1518.8874,1.17
Niedercorn (Lux),1493.6314,1.03
AIK (Swe),1475.7372,1.1
Slovan Bratislava (Svk),1563.4311,1.23
Riga FC (Lat),1491.169,1.1
Gzira (Mlt),1456.6765,1.1
Molde (Nor),1574.7286,1.15
Prishtina (Kos),1469.7858,1.04
Zalgiris (Ltu),1454.1927,1.1
Nordsjaelland (Den),1555.4442,1.01
Hacken (Swe),1556.6737,1.24
Slavia Sofia (Bul),1492.1861,1.03
Kalju (Est),1440.366,1.04
Syunik (Arm),1496.4616,1.01
Maccabi Tel Aviv (Isr),1611.8687,1.11
Maribor (Slo),1474.1855,1.06
Dinamo Tbilisi (Geo),1437.2072,1.14
Vardar (Mkd),1482.4237,0.99
Shamakhi (Aze),1463.2391,1.07
Shakhtyor Soligorsk (Blr),1466.0077,0.93
Sarpsborg 08 (Nor),1534.3163,1.04
Vojvodina,1614.5973,0.86
Aluminij,1416.9621,0.24
Vitosha Bistritsa,1326.5273,1.06
Lausanne,1572.3871,1.12
Legnica,1401.4014,1.13
CFR Cluj,1689.6877,1.22
Jagiellonia,1674.0213,1.3
Crvena zvezda,1844.8265,0.83
Aalborg,1533.4867,1.2
Dukla Prague,1360.6742,1.12
Cherno More,1685.4924,1.02
Senica,1391.4286,0.24
Puskas Academy,1625.8307,1.13
Atlas,1453.58,1.17
Fehervar FC,1527.4418,1.13
ND Gorica,1395.7997,0.24
Ruzomberok,1490.8343,0.77
Vozdovac,1453.9883,0.24
Aarau,1537.2666,1.17
Veracruz,1301.0921,1.17
Cukaricki,1577.2756,1.0
Legia,1640.0315,1.39
Astra,1482.5503,1.1
Ludogorets,1776.2042,1.19
Luzern,1587.8474,1.16
Basel,1649.6469,1.22
Rapperswil-Jona,1414.8092,1.16
Honved,1463.1988,1.12
Wisla,1446.2247,1.16
Mezokovesd-Zsory,1400.5721,1.12
Mura,1532.486,0.8
Wil,1472.7472,1.16
Slask Wroclaw,1482.2174,1.1
Botev Plovdiv,1544.2529,1.09
FC Hermannstadt,1534.9861,1.09
Napredak,1476.9174,0.74
Sparta Prague,1740.912,1.3
Zlin,1407.749,1.22
Pribram,1348.5384,1.13
Liberec,1529.6168,1.14
Esbjerg,1431.4825,1.18
Carmelita,1388.0173,1.11
CSKA Sofia,1671.0754,1.11
Grecia,1396.5204,1.1
Slavia Sofia,1533.1325,1.14
Herediano,1675.4027,1.13
Brondby,1692.5899,1.25
Aarhus,1676.1658,1.13
Gornik Zabrze,1562.6314,1.12
Sigma Olomouc,1531.0846,1.21
Odense,1579.6867,1.14
Rudar,1349.2563,0.24
Podbrezova,1526.4658,0.76
Pachuca,1506.7413,1.17
Club Tijuana,1449.124,1.26
Zeledon,1460.6212,0.95
Tigres UANL,1623.2942,1.13
Z. Moravce-Vrable,1439.033,0.24
Domzale,1451.7154,1.02
Limon,1414.4128,1.15
Horsens,1489.9001,1.14
Cruz Azul,1610.6508,1.1
Sion,1562.5689,1.15
Zurich,1584.0997,1.1
Chiasso,1362.8432,1.08
Din. Bucuresti,1564.4188,1.07
Viitorul Constanta,1517.1481,1.07
Wisla Plock,1455.6171,1.14
Radnik,1381.9932,0.24
Young Boys,1646.6863,1.18
Radnicki Nis,1462.6309,0.98
Toluca,1629.0815,1.26
Ujpest,1470.5939,1.16
Arsenal Kiev,1404.7031,1.13
Karpaty,1352.7762,1.18
FK Zorya Luhansk,1550.3839,1.17
Ferencvaros,1673.5635,1.36
Santos Laguna,1379.6601,1.16
Necaxa,1485.926,1.25
Gaz Metan Medias,1365.1655,1.23
Univ. Craiova,1662.8389,1.14
Ch. Odesa,1409.5012,1.17
Saprissa,1691.3392,1.1
Ostrava,1620.0029,1.13
Zaglebie Sosnowiec,1394.1413,1.27
Vereya,1261.8895,1.07
Sp. Subotica,1502.8158,0.83
Hobro,1426.2693,1.12
D. Zagreb (Cro),1635.6326,1.18
CFR Cluj (Rou),1537.7808,1.08
PAOK (Gre),1584.2323,1.2
Dyn. Kyiv,1715.5591,1.22
Desna,1507.669,1.15
Ajax (Ned),1603.6267,1.08
BATE (Blr),1445.056,1.23
Jagiellonia (Pol),1480.633,1.11
Djurgarden (Swe),1547.2257,1.08
LASK (Aut),1578.1544,1.12
Hapoel Haifa (Isr),1484.6119,1.01
RB Leipzig (Ger),1530.7719,1.02
Dynamo Brest (Blr),1490.4007,1.1
Ufa (Rus),1501.3891,1.0
Genk (Bel),1545.2329,1.12
Hajduk Split (Cro),1475.1689,1.01
St. Gallen (Sui),1523.7887,1.01
Atalanta (Ita),1539.9529,1.06
Sevilla (Esp),1568.1647,1.04
Aberdeen (Sco),1507.0289,1.17
Clermont,1422.7118,1.05
AC Ajaccio,1414.3252,1.03
Lechia Gdansk,1427.9269,1.11
Nancy,1355.927,1.23
St. Liege,1508.373,1.03
GFC Ajaccio,1425.1469,1.08
Valenciennes,1359.6173,1.07
Winterthur,1454.2109,1.2
A. Klagenfurt,1488.2255,1.19
Orleans,1405.0257,1.18
Red Star,1402.2729,1.13
Braunschweig,1443.6249,1.06
Grenoble,1439.6253,1.03
Dunav Ruse,1382.3494,1.18
Mlada Boleslav,1533.6118,1.25
Celje,1650.424,1.24
FC Botosani,1494.9657,1.07
D. Zagreb,1687.4324,1.27
Austria Vienna,1652.0853,1.05
Kapfenberg,1398.5617,1.2
Horn,1345.963,1.18
Etar,1334.5181,1.12
Wiener Neustadt,1507.0315,1.11
Proleter,1408.2052,0.24
Puebla,1368.4258,1.18
Zemun,1433.8595,0.5
Debrecen,1490.3377,1.22
Septemvri Sofia,1435.727,1.13
Beroe,1493.6646,1.05
Triglav,1347.8596,0.24
Schaffhausen,1369.0943,1.11
Zilina,1609.6936,0.87
Trnava,1636.008,0.73
Lorient,1565.1532,1.2
Rad Beograd,1428.4107,0.24
Macva,1293.0238,0.24
DVTK,1502.2591,1.15
Sered,1475.1781,0.24
Kriens,1258.4682,1.19
Tirol,1459.9488,1.08
Sturm Graz,1706.3197,1.16
Altach,1444.3214,1.03
Mladost,1513.5703,0.73
Xamax,1422.162,1.19
Atl. Morelia,1512.2943,1.25
VfL Osnabruck,1452.2511,1.18
Oostende,1403.3377,1.12
Rijeka,1680.8554,1.03
Slavia Prague,1803.2046,1.25
Lok. Zagreb,1548.006,1.22
Opava,1302.6224,1.1
Waregem,1548.0032,1.26
Calarasi,1396.5211,0.9
Oleksandriya,1589.2909,1.12
Zwickau,1403.0973,1.18
St. Truiden,1539.5385,1.14
Slovacko,1475.4198,1.19
Kortrijk,1420.1714,1.12
Kaiserslautern,1555.6401,1.22
Fortuna Koln,1426.3511,1.13
Jena,1359.2574,1.23
Lviv,1301.1479,1.08
Aalen,1429.7744,1.15
Korona Kielce,1510.0108,1.08
Grasshoppers,1512.8915,1.03
Zaglebie,1458.9626,1.09
Poli Iasi,1439.2761,1.13
Maribor,1700.1541,0.88
Dun. Streda,1633.2033,0.7
Slovan Bratislava,1664.2391,1.06
Osijek,1557.4269,1.15
Istra 1961,1497.8224,1.07
Jablonec,1562.7082,1.15
Trencin,1462.7645,0.84
Admira,1572.3943,1.07
St. Polten,1505.8157,1.16
Krsko Posavje,1375.6169,0.51
FCSB,1695.7031,1.13
Sepsi Sf. Gheorghe,1576.0936,1.12
Olimpik Donetsk,1392.1466,1.15
Mariupol,1379.7792,1.22
Shakhtar Donetsk,1726.2851,1.17
Salzburg,1684.1984,1.17
Vaduz,1466.719,1.19
Thun,1584.7799,1.18
St. Gallen,1581.7106,1.21
Lugano,1617.6679,1.3
Lech Poznan,1675.22,1.11
Arka Gdynia,1447.9899,1.15
Viborg,1581.7525,1.15
Silkeborg,1624.0658,1.15
Naestved,1384.0556,1.08
Lyngby,1505.5547,0.99
Helsingor,1326.3865,1.21
Cottbus,1532.4389,1.17
Club Brugge KV,1767.9168,1.21
Uerdingen,1437.6143,1.05
Club America,1699.7217,1.11
Koge,1382.6045,1.2
Teplice,1462.0811,1.08
Guadalajara Chivas,1554.3087,1.04
Charleroi,1557.66,1.02
Queretaro,1405.6448,1.08
Din. Vranje,1404.0202,0.48
Lokeren,1357.8949,1.09
Haladas,1442.7308,1.08
MTK Budapest,1520.7034,1.21
AD Santos,1456.4049,1.15
UNAM Pumas,1515.8998,1.12
Cartagines,1537.428,1.1
San Carlos,1543.6789,1.11
Alajuelense,1692.1609,1.07
Lok. Plovdiv,1506.0546,1.12
Limon Black Star,1380.3867,1.28
Lobos BUAP,1441.1736,1.13
Backa,1297.9978,0.24
Brest,1648.3198,1.16
Pogon Szczecin,1623.0991,1.14
Plzen,1715.2812,1.17
Levski Sofia,1692.153,1.14
Concordia,1383.5999,1.16
FC Voluntari,1473.4752,1.14
Guadalupe,1431.701,1.22
Lotte,1437.7956,0.98
Club Leon,1552.2822,1.09
Al Ittihad,1585.7377,1.1
Petrojet,1494.6341,1.04
El Daklyeh,1411.6622,0.99
Midtjylland (Den),1544.1679,1.12
Basel (Sui),1542.6606,1.13
Sturm Graz (Aut),1452.6795,1.09
El-Entag El-Harby,1439.0467,1.19
Nogoom FC,1424.8164,1.06
El Gouna,1500.5118,0.96
AEK Larnaca (Cyp),1550.6187,1.11
Lillestrom (Nor),1478.437,1.08
Admira (Aut),1476.5249,1.03
Besiktas (Tur),1579.8643,1.15
Vitesse (Ned),1512.3659,1.06
Al Ahly,1828.1158,1.11
Mariupol (Ukr),1475.4229,1.04
Sparta Prague (Cze),1542.2904,1.11
Atromitos (Gre),1496.8329,1.06
Rio Ave (Por),1505.6617,1.09
AZ Alkmaar (Ned),1600.2767,1.13
Bordeaux (Fra),1541.5783,1.01
Burnley (Eng),1507.5736,1.01
Asteras Tripolis (Gre),1494.7032,1.02
FCSB (Rou),1562.7518,1.13
Le Havre,1496.0638,1.09
Paris FC,1554.2765,1.11
Niort,1336.8321,1.15
Metz,1574.4997,1.15
Troyes,1451.3986,1.01
Beziers,1450.1032,1.03
Auxerre,1607.0967,1.15
Hamburger SV,1652.7107,1.24
Misr Lel Makkasa,1363.9808,1.05
Lommel SK,1423.6978,1.15
Reading,1547.5817,1.15
Sochaux,1484.467,1.09
Enppi,1491.3786,1.0
BW Linz,1553.1211,1.09
Lafnitz,1372.8426,1.31
Floridsdorfer AC,1481.8958,1.0
Liefering,1479.0914,1.14
Beveren,1519.9127,1.14
Hansa Rostock,1478.3498,1.05
Ross County,1488.2675,1.21
Morton,1449.6187,0.76
Vorskla Poltava,1458.2763,1.09
Dundee Utd,1577.3746,0.74
Ayr,1529.0826,0.95
Falkirk,1547.2305,1.22
Al Arabi,1585.8101,0.24
Bochum,1521.5948,1.16
Al Sailiya,1426.5642,0.24
Barrow,1420.4235,1.07
Braintree,1412.4265,1.11
Maidenhead,1366.1534,1.23
Eastleigh,1462.0581,1.11
Southend,1508.2902,0.99
Boreham Wood,1446.2039,1.11
Al-Gharafa,1591.578,0.24
Preston,1506.7525,1.04
Dover,1254.8476,1.23
Coventry,1561.6254,1.16
Burton,1402.6441,1.06
Barnsley,1507.5777,1.21
Maidstone,1261.6088,1.24
Hallescher,1401.7552,1.12
Harrogate,1394.1332,0.98
Ebbsfleet,1264.1951,1.16
Westerlo,1546.9552,1.3
Preussen Munster,1492.6554,1.07
Gent,1677.7335,1.2
Grossaspach,1392.9071,1.01
Accrington,1405.7262,1.19
SK Rapid,1620.3145,1.1
Aldershot,1427.7692,1.29
Munich 1860,1450.0458,1.17
AFC Fylde,1367.1532,1.26
Karlsruher SC,1542.9324,1.28
Sunderland,1593.4625,1.06
Walsall,1539.2267,1.22
Shrewsbury,1352.2072,1.14
Wacker Innsbruck,1499.831,1.12
Mattersburg,1428.4474,1.12
Swindon,1448.6075,1.26
Stevenage,1490.7095,0.9
Leuven,1543.9251,0.99
Port Vale,1484.6586,1.04
Notts Co,1534.2138,1.15
Northampton,1451.4258,1.08
Mansfield,1481.8037,1.1
Grimsby,1464.9207,1.16
Crewe,1499.8888,1.06
Cheltenham,1449.8911,1.17
Bury,1558.317,1.18
Wycombe,1636.8298,1.11
Oldham,1539.3124,1.09
Portsmouth,1541.7154,1.14
Zamalek,1683.8342,1.17
Exeter,1463.9636,1.13
Gorica,1440.2245,1.06
Hamilton,1361.0274,0.97
Kilmarnock,1522.4409,1.09
Piast Gliwice,1557.2257,1.02
St. Mirren,1507.0722,1.17
Brentford,1674.608,1.19
Peterborough,1479.5675,1.36
Bristol City,1560.8143,1.04
A. Lustenau,1443.8165,0.97
Unterhaching,1382.5563,1.14
Celtic,1833.7617,1.43
Greuther Furth,1497.3854,1.19
Regensburg,1388.6061,1.08
Birmingham,1667.9138,0.73
Wurzburger Kickers,1390.3661,1.2
Eupen,1372.0763,1.19
Lens,1651.6185,1.05
Millwall,1507.3312,1.0
Ipswich,1601.526,1.19
Antwerp,1642.7788,1.08
West Brom,1592.5221,1.06
Coleraine,1583.7605,1.03
Cercle Brugge KSV,1609.6975,1.13
Sheffield Utd,1609.5584,1.1
Dungannon,1535.1578,0.92
Institute,1337.736,0.24
Glenavon,1501.9215,0.91
Fleetwood,1463.787,1.13
Salford,1454.1915,1.11
Glentoran,1652.6699,0.83
Wigan,1494.4429,0.98
Union Berlin,1567.2687,1.05
Heidenheim,1544.4225,1.17
Darmstadt,1505.1737,1.2
Magdeburg,1554.0383,1.25
LASK,1601.6988,1.22
Monterrey,1615.7019,1.21
Leeds,1717.5262,1.12
Tubize-Braine,1396.9595,1.11
Botev Vratsa,1355.7737,1.15
Partizan,1746.9222,0.87
Wolfsberger AC,1615.0323,1.27
Hartberg,1543.8375,1.12
Wacker Innsbruck (Am),1481.8674,1.13
Ried,1599.632,1.11
Karvina,1439.8025,1.21
Hajduk Split,1679.9985,1.1
Roskilde,1349.6225,1.21
Thisted FC,1406.1388,1.14
Wehen,1466.8136,1.12
Aberdeen,1519.4443,1.14
Meppen,1408.8553,1.18
Hibernian,1584.2562,1.24
Anderlecht,1691.7101,1.13
Al-Kharitiyath,1337.2116,0.46
Michalovce,1464.2224,0.97
O. Ljubljana,1677.8176,0.69
Genk,1716.5927,1.15
Mouscron,1401.5128,1.09
Hvidovre IF,1486.0648,1.03
Nitra,1366.7428,0.24
Al Rayyan,1609.6895,0.24
Al-Shahaniya,1450.3684,0.44
Cracovia,1549.5418,1.21
Haras El Hodood,1460.9145,1.01
Hull,1512.9823,1.07
SG Dynamo Dresden,1576.7581,1.13
Chateauroux,1364.3332,1.08
Crusaders,1591.6932,0.89
El Ismaily,1467.5918,0.98
Wadi Degla,1469.1005,1.04
Dag & Red,1410.9687,1.17
Wrexham,1648.6717,1.1
Solihull Moors,1451.492,1.22
Havant & W,1416.9045,1.26
Leyton Orient,1557.6229,1.11
Gateshead,1508.0236,1.2
Chesterfield,1511.4592,1.23
Hartlepool,1445.5795,1.1
Barnet,1661.5254,1.24
Sutton,1459.5944,1.09
Benfica (Por),1590.8654,1.05
St. Liege (Bel),1517.5377,1.06
Al Masry,1607.0502,0.99
Slavia Prague (Cze),1555.4102,1.07
Middlesbrough,1564.7717,1.17
Bromley,1507.9877,1.1
FC Halifax,1533.6541,0.98
Nottingham,1704.7566,1.14
Salzburg (Aut),1567.3076,1.05
El Gaish,1506.053,0.9
Smouha,1525.6129,1.1
Pyramids,1794.8376,1.16
Arab Contractors,1467.4226,1.12
FK Zorya Luhansk (Ukr),1484.7497,1.07
Olympiacos Piraeus (Gre),1613.3393,1.07
Sigma Olomouc (Cze),1500.7866,1.01
Basaksehir (Tur),1548.3668,0.96
Benfica,1846.7676,1.22
Al Ahli Doha,1421.601,0.24
Ankaragucu,1501.8443,1.2
Cardiff Metropolitan,1577.1708,0.87
Zwolle,1541.7505,1.17
Ingolstadt,1490.1132,1.22
Newry City,1270.3952,0.24
Linfield,1769.025,0.93
Aberystwyth,1354.1504,1.05
Marseille,1722.2989,1.22
St. Pauli,1599.9207,1.01
Beerschot VA,1449.5751,1.07
Paderborn,1581.3578,1.13
Manchester Utd,1734.5162,1.21
Kardemir Karabuk,1299.9453,1.13
Tigre,1543.3446,1.1
Lille,1769.5019,1.17
Willem II,1532.9207,1.16
Ajax,1781.0886,1.31
Velez Sarsfield,1497.9428,1.02
Al-Duhail,1613.2474,0.24
Nantes,1515.6299,1.12
PSV,1857.6238,1.53
Montpellier,1499.8435,1.2
Huddersfield,1547.9551,1.06
Nice,1690.5605,1.2
Excelsior,1504.0689,1.22
Altay,1302.9251,0.49
Fulham,1689.8271,1.15
Bournemouth,1713.8573,1.12
Arminia Bielefeld,1518.1558,1.06
Newcastle,1752.2116,1.24
Duisburg,1386.2853,1.21
Angers,1505.3821,1.13
Hearts,1584.5737,1.18
Queen of South,1382.6345,0.24
Fenerbahce,1837.6284,1.37
Inverness,1476.3508,0.24
Warrenpoint,1318.7594,0.24
Cliftonville,1614.6263,0.89
Ards,1383.0145,0.47
St Etienne,1495.9151,1.19
Motherwell,1494.3744,1.25
Partick Thistle,1485.1441,1.07
Watford,1507.7432,1.09
Dunfermline,1398.8971,0.71
Livingston,1485.1667,1.33
Alloa,1358.7751,0.24
Tranmere,1343.0734,1.09
Aston Villa,1765.1595,1.17
Yeovil,1419.6109,1.04
Dundee FC,1464.7291,1.13
Doncaster,1519.506,1.17
Blackburn,1507.3374,1.06
FC Porto,1802.8661,1.21
Tondela,1555.1932,1.13
Oliveirense,1397.1688,1.14
Benfica B,1508.0992,1.19
Newport,1400.2671,1.19
Morecambe,1341.705,1.11
MK Dons,1459.3166,1.2
Kisvarda,1471.8095,1.13
Gillingham,1404.1589,0.91
Oxford Utd,1491.8364,1.12
Lincoln,1511.2354,1.13
Plymouth,1433.6099,1.19
Scunthorpe,1294.1217,1.16
Cambridge Utd,1410.8397,1.07
Colchester,1495.3029,0.97
Forest Green,1555.7274,1.04
Rochdale,1530.3013,1.08
Patronato,1478.8336,1.12
Carlisle,1336.1659,1.01
Luton,1449.5151,1.13
Macclesfield,1415.8194,1.06
Crawley,1413.2815,1.17
SC Farense,1518.0426,1.08
Rizespor,1557.8465,1.16
Sivasspor,1551.3178,1.15
Adanaspor AS,1385.8791,0.82
Derby,1515.5008,1.07
Swansea,1483.2044,1.09
Stoke,1473.8799,1.08
Sheffield Wed,1535.0505,1.22
Rotherham,1450.3178,1.07
QPR,1496.0942,1.08
Norwich,1535.7025,1.19
Bolton,1578.5325,1.32
Wolves,1589.0638,1.18
Boluspor,1504.3606,0.74
Estoril,1565.5853,1.24
Charlton,1566.669,1.02
Vitoria Setubal,1455.2302,1.15
Bradford City,1550.9007,1.01
Blackpool,1544.4868,1.14
Gimnasia L.P.,1458.7416,0.93
AFC Wimbledon,1534.7246,1.01
Bristol Rovers,1421.6733,1.11
Union de Santa Fe,1459.9694,0.98
KSV Roeselare,1442.8855,1.2
Paks,1606.0171,1.38
Fredericia,1521.7551,1.17
Royale Union SG,1768.3178,1.11
Vorwarts Steyr,1393.7864,1.14
De Graafschap,1469.7704,1.22
Nykobing,1328.5067,1.41
F. Amager,1353.2412,1.18
Den Haag,1490.8052,1.16
Southampton,1498.6325,1.21
Bordeaux,1475.1651,1.16
Goztepe,1619.9029,0.74
Lyon,1760.1743,1.19
Vitesse,1377.2917,1.2
PSG,1940.6019,1.31
Braga,1737.8104,1.3
Covilha,1429.2363,1.11
Besiktas,1662.4197,1.32
Denizlispor,1333.5997,1.01
Balikesirspor,1268.9576,0.24
Konyaspor,1546.6066,1.1
Basaksehir,1636.9342,1.25
Arsenal,1945.051,1.12
AZ Alkmaar,1740.1339,1.23
Giresunspor,1296.0002,0.51
Moreirense,1592.5831,1.14
Varzim,1502.7169,1.07
Penafiel,1497.9765,1.15
Maritimo,1508.9403,1.14
Feirense,1488.7703,1.01
Genclerbirligi,1521.4481,0.92
Vitoria Guimaraes B,1381.3303,1.13
Pacos Ferreira,1459.0301,1.11
Caernarfon,1578.4738,0.94
Llanelli,1317.3527,0.57
Sandhausen,1421.0313,1.27
Liverpool,1955.1278,1.18
Aue,1456.6638,1.2
Rosario Central,1527.93,1.13
Belgrano,1453.4769,1.0
Godoy Cruz,1498.404,1.13
Rangers,1782.2261,1.29
St Johnstone,1423.3119,1.11
Lanus,1492.9799,1.1
Holstein Kiel,1557.6912,1.27
Boca Juniors,1598.7785,1.03
FC Koln,1567.3776,1.05
Portimonense,1443.8799,1.14
Kayserispor,1518.7022,1.2
Huracan,1559.4464,0.96
Istanbulspor AS,1486.6579,1.25
Dyn. Kyiv (Ukr),1552.0538,1.09
AEK Athens FC (Gre),1541.6384,1.11
Spartak Moscow (Rus),1475.0428,1.05
Fenerbahce (Tur),1606.8157,1.15
Atl. Tucuman,1472.6837,1.15
Zenit (Rus),1514.674,1.1
Brondby (Den),1502.0126,1.23
Gent (Bel),1592.3792,1.15
Rijeka (Cro),1530.6592,1.04
SK Rapid (Aut),1573.477,1.12
Feyenoord (Ned),1564.8233,1.07
Luzern (Sui),1449.0557,1.08
Univ. Craiova (Rou),1499.7091,1.04
Braga (Por),1602.0715,1.1
Aves,1352.2656,1.11
Roda,1434.88,1.11
Trabzonspor,1639.8988,1.27
Newtown,1485.5394,1.0
Elazigspor,1400.4791,1.16
Nijmegen,1593.4009,1.18
Umm-Salal,1463.9527,0.24
Albacete,1465.1139,1.13
Qatar SC,1483.988,0.24
Maastricht,1372.198,1.17
Umraniyespor,1471.172,0.94
Betis,1695.1494,1.1
Twente,1737.5858,1.46
Reims,1539.4065,1.06
Girona,1643.0584,1.2
Groningen,1552.0861,1.01
KV Mechelen,1574.9371,1.17
Jong PSV,1288.5037,1.34
Cadiz CF,1506.3382,1.14
Waalwijk,1489.9697,1.15
Dordrecht,1472.5976,1.16
G.A. Eagles,1638.1006,1.18
FC Volendam,1515.1501,1.3
Dijon,1428.2334,1.1
Sittard,1524.3208,1.12
Villarreal,1704.1166,1.3
Academica,1515.7881,1.14
Chaves,1520.7474,1.05
CD Cova da Piedade,1430.8805,1.14
FC Porto B,1445.8107,1.12
Braga B,1548.0371,1.0
Boavista,1452.2994,1.11
Sporting CP,1870.3248,1.36
Mafra,1413.0039,1.06
Cordoba,1459.4322,1.25
Amiens,1401.6276,1.07
Alcorcon,1408.4778,1.03
Lugo,1366.3026,1.05
Elche,1538.3931,1.07
Venlo,1326.3925,1.09
Barcelona,1907.9579,1.39
Guingamp,1500.6457,1.16
Celta Vigo,1600.2297,1.21
Rennes,1642.2966,1.21
Monaco,1744.7124,1.37
Tottenham,1756.5457,1.33
Caen,1389.1339,1.13
NAC Breda,1489.3615,1.17
Lazio,1776.8329,1.13
Heracles,1519.7055,1.21
Chievo,1500.6991,1.08
West Ham,1654.6911,1.18
Defensa y Justicia,1535.4579,1.06
Newells Old Boys,1417.42,1.02
Talleres Cordoba,1541.2593,1.07
Hatayspor,1483.2345,1.01
Ankaraspor,1388.5264,0.24
Bursaspor,1454.9328,0.24
Altinordu,1398.3602,0.98
Antalyaspor,1533.489,1.14
Yeni Malatyaspor,1266.1122,1.11
Argentinos Jrs,1537.9473,0.92
Chelsea,1795.7324,1.45
Leicester,1548.3885,1.17
Carmarthen Town,1435.3197,0.32
Cardiff,1443.3394,1.17
Banfield,1416.5038,1.09
Al Khor,1384.3502,0.24
Aldosivi,1316.6373,1.19
Colon Santa Fe,1408.4985,1.05
San Martin S.J.,1444.5794,1.05
San Lorenzo,1513.8939,0.81
Strasbourg,1636.3884,1.14
R. Oviedo,1536.4636,1.11
Galatasaray,1855.8515,1.58
Burnley,1666.7186,0.94
Manchester City,1872.3861,1.39
Brighton,1711.6414,1.15
Barry,1525.5042,1.01
Mallorca,1582.0725,1.04
Connahs Q.,1672.1953,0.77
Torino,1652.7372,1.02
Rayo Vallecano,1585.0221,0.98
Bologna,1722.1218,1.1
Empoli,1525.979,1.05
Parma,1553.4361,1.15
Sassuolo,1604.4834,1.2
Nimes,1382.7618,1.25
Real Madrid,1912.3784,1.23
Zaragoza,1458.4366,1.12
Toulouse,1643.7969,1.06
Heerenveen,1542.6955,1.22
Feyenoord,1798.0374,1.22
Eibar,1505.2132,1.1
Las Palmas,1526.0993,1.07
Utrecht,1672.2706,1.17
FC Emmen,1424.7705,1.12
Alanyaspor,1572.8404,1.17
BSAD,1416.2884,1.1
Academico Viseu,1500.7569,1.1
Leixoes,1443.7847,1.02
Rio Ave,1577.6132,1.09
Arouca,1588.6769,1.14
Gaziantep,1588.2222,1.16
Santa Clara,1612.3519,1.02
Akhisarspor,1406.8346,0.24
Afyonspor,1425.934,1.13
Adana Demirspor,1468.6191,1.25
Eskisehirspor,1246.7523,0.3
Famalicao,1611.0146,1.05
Erzurumspor,1502.0935,0.8
Rudes,1268.4605,1.19
Al-Sadd,1772.0257,0.24
Jong AZ,1410.6956,1.25
Crystal Palace,1722.8817,1.08
Gimnastic,1409.2111,1.06
Kasimpasa,1580.0521,1.39
Atalanta,1850.8042,1.24
Ath Bilbao,1760.8671,1.18
Estudiantes L.P.,1551.8956,1.29
Racing Club,1547.7241,1.27
Valencia,1576.3277,1.09
Vitoria Guimaraes,1676.2915,1.24
San Martin T.,1453.7829,1.11
Young Boys (Sui),1611.5355,1.07
Servette,1651.8181,1.1
Jong Ajax,1341.103,1.09
Helmond,1376.3915,1.12
Eindhoven FC,1362.2405,1.14
Cambuur,1458.7458,1.18
Almere City,1449.1075,1.04
Leganes,1541.5394,1.02
Den Bosch,1359.5763,1.07
Getafe,1597.6439,0.92
Brescia,1438.1505,1.11
Telstar,1412.9981,1.18
Sparta Rotterdam,1566.9524,1.03
Oss,1264.5575,1.02
Extremadura UD,1445.5835,1.1
Malaga,1463.7862,0.93
Bayern Munich,1934.9716,1.29
Austria Vienna (Am),1346.7049,1.17
Raja Casablanca,1650.5414,0.82
Berkane,1692.9162,0.78
Llandudno,1397.8252,0.56
Reus FCR,1349.8773,0.67
Numancia,1447.9465,1.13
B. Monchengladbach,1617.8131,1.23
Independiente,1552.9674,1.23
Hapoel Haifa,1571.6632,1.17
Apollon Smyrnis,1332.043,1.01
AEK Athens FC,1733.1753,1.1
Kiryat Shmona,1491.0445,1.14
PAOK,1697.1027,1.26
Panetolikos,1452.9918,0.98
Hapoel Hadera,1413.4928,1.11
SC Ashdod,1458.1666,1.2
Alaves,1562.8935,1.05
Dusseldorf,1587.1736,1.23
Freiburg,1659.1442,1.18
Hertha Berlin,1478.3249,1.24
Werder Bremen,1607.6698,1.19
Wolfsburg,1654.8651,1.21
Atl. Madrid,1831.9793,1.17
Napoli,1790.0026,1.09
Valladolid,1477.3199,1.16
Cremonese,1552.0702,1.14
Salernitana,1415.9029,1.12
Venezia,1538.7678,1.09
Juventus,1788.9145,1.05
Almeria,1520.935,1.26
Granada CF,1507.0945,1.23
Osasuna,1594.9134,1.17
Dortmund,1781.9715,1.24
Gijon,1499.6277,1.03
Mainz,1701.6013,1.09
Zapresic,1308.0647,1.19
Spal,1415.7297,1.12
Olympiacos Piraeus,1789.7203,1.25
Maccabi Tel Aviv,1729.5459,1.42
Panionios,1405.6576,1.0
Sakhnin,1463.0878,0.99
Verona,1529.84,1.16
Xanthi FC,1406.0454,0.91
FC Juniors,1365.2842,1.3
Cittadella,1396.2333,1.04
Ascoli,1451.601,1.04
Foggia,1482.2477,1.08
Genoa,1620.6618,1.04
Frosinone,1465.2629,1.12
Fiorentina,1728.2479,1.24
Cagliari,1548.9709,1.14
Udinese,1612.3812,1.12
Inter,1943.8313,1.16
Espanyol,1570.0914,1.08
Sevilla,1618.2747,1.12
Amstetten,1401.1481,1.16
Youssoufia Berrechid,1373.7632,0.24
Olympique Khouribga,1469.9775,0.24
Benevento,1425.9921,1.1
Maccabi Petah Tikva,1422.4395,1.14
Levante,1563.1871,1.07
IR Tanger,1496.6506,0.93
Lamia,1351.7929,1.12
AS Roma,1770.0691,1.15
Rayo Majadahonda,1451.1184,1.17
Kawkab Marrakech,1477.7649,0.57
Jong Utrecht,1192.8522,1.1
PSV (Ned),1634.8151,1.17
Al Ettifaq,1532.0556,1.07
Ohod,1390.8271,1.15
Al Wehda,1395.9463,1.2
Hannover,1569.2478,1.06
Al Shabab,1599.0373,1.21
AC Milan,1753.5897,1.15
Palermo,1495.7751,1.14
Al Qadisiya,1545.3812,1.08
Al Hilal,1799.6817,1.36
Al-Faisaly,1483.6431,1.04
Al Ahli SC,1651.3866,1.18
Spezia,1534.4259,1.11
Padova,1460.0328,1.06
Netanya,1522.9072,1.14
Hapoel Tel Aviv,1442.9396,1.14
Asteras Tripolis,1462.3503,1.05
Atromitos,1476.1076,1.11
Panathinaikos,1682.4116,1.21
Carpi,1405.743,1.21
Slaven Belupo,1494.016,1.11
Cosenza,1414.4049,1.05
H. Raanana,1351.5661,1.14
Bayer Leverkusen,1863.8938,1.21
Augsburg,1600.7794,1.08
Eintracht Frankfurt,1733.2964,1.2
Tenerife,1412.4959,0.96
Hoffenheim,1594.9747,1.23
Nurnberg,1501.7474,1.17
Stuttgart,1718.3542,1.27
Maccabi Haifa,1695.709,1.2
Perugia,1435.8803,1.14
Bnei Yehuda,1461.1504,1.09
Aris,1577.0152,1.1
H. Beer Sheva,1707.5385,1.13
RB Leipzig,1724.4666,1.19
Schalke,1505.5053,1.25
Lecce,1521.9597,1.03
Sampdoria,1459.3668,1.1
Pescara,1372.3185,1.09
Crotone,1383.6745,1.17
Beitar Jerusalem,1562.7733,1.23
Levadiakos,1438.4472,1.06
Olympique de Safi,1551.5637,0.84
Dep. La Coruna,1499.1802,1.09
FAR Rabat,1695.0183,0.86
TNS,1889.7731,0.81
Al Batin,1384.4578,1.14
Al Fateh,1457.445,1.23
Al Hazem,1350.8339,1.18
Al Feiha,1458.6418,0.98
Al Nassr,1741.6085,1.36
Huesca,1535.1728,0.88
Real Sociedad,1672.3556,1.08
OFI Crete,1488.2748,1.14
Hoceima,1430.3113,0.57
Al Raed,1404.1742,1.17
Mouloudia Oujda,1426.4606,0.24
AEL Larissa,1404.2725,1.02
Rapide Oued Zem,1444.5371,0.24
FUS Rabat,1605.8937,0.87
Difaa El Jadidi,1465.2782,0.95
Livorno,1335.8618,1.04
Al Taawon,1575.5494,0.99
Dudelange,1417.4513,1.12
AEK Larnaca,1485.4237,1.04
Giannina,1370.6402,1.15
Moghreb Tetouan,1416.9118,0.7
ATK,1571.081,1.1
Bengaluru FC,1514.2905,1.12
Hassania Agadir,1464.1983,0.81
North East Utd,1500.3967,1.23
Mumbai City,1599.1499,1.11
CSKA Moscow,1487.3422,0.99
Lokomotiv Moscow,1448.2435,1.07
Odisha FC,1522.0474,1.24
BATE,1508.5954,1.04
Apollon,1503.1344,1.02
Qarabag,1516.4486,1.57
Zenit,1514.0906,1.24
Krasnodar,1506.4061,1.12
Spartak Moscow,1513.3115,1.07
Drogheda,1516.4649,0.39
Kerala Blasters,1472.3478,1.15
Ballymena,1462.4162,0.95
Chennaiyin,1438.4896,1.18
Shelbourne,1615.0193,0.54
Finn Harps,1384.6497,0.24
Adelaide United,1514.7699,1.42
Melbourne Victory,1550.1676,1.03
Wydad,1619.1224,0.89
Jamshedpur,1467.0274,1.17
Perth Glory,1336.0385,1.24
Brisbane Roar,1388.1417,1.13
Wellington Phoenix,1481.4744,1.09
Pune City,1486.4112,1.11
Goa,1601.6271,1.21
Sydney FC,1564.6326,1.25
Central Coast Mariners,1526.5169,1.16
KPV Kokkola,1439.0142,1.12
Melbourne City,1567.7765,1.13
Newcastle Jets,1465.6231,1.13
KFUM Oslo,1580.5512,0.24
WS Wanderers,1535.9331,1.32
Fredrikstad,1617.8914,0.24
Oskarshamn,1496.6614,0.96
Syrianska,1380.8218,0.55
FK Kyran,1476.7399,0.96
Super Nova,1265.4911,0.24
Mushuc Runa,1542.8695,1.16
Industrial Aviles,1477.43,1.0
La Guaira (Ven),1411.0043,0.96
Always Ready,1593.6414,1.17
AC Lala FC,1305.2446,0.24
Llaneros,1458.52,0.7
Union La Calera (Chi),1469.792,0.95
Talleres Cordoba (Arg),1538.368,1.01
Palestino (Chi),1486.7933,1.13
Deportivo Santani (Par),1493.417,1.01
Fuerza A.,1338.9934,1.18
Petaling Jaya CFC,1481.5153,0.24
Felda Utd.,1442.2017,0.64
America de Quito,1442.9515,1.01
River Plate (Uru),1500.1296,1.01
Royal Pari (Bol),1462.0827,1.12
Juventud,1456.0816,0.8
Olmedo,1316.8089,1.25
Carlos Mannucci,1464.1939,0.24
Coquimbo,1559.8325,1.09
Cerro Largo,1533.399,0.52
Pirata,1407.9227,0.53
Alianza Huanuco,1417.522,0.69
Liverpool M. (Uru),1462.1772,1.09
Once Caldas (Col),1495.8926,0.99
UC Dublin,1279.5677,0.24
Cesar Vallejo,1474.652,0.24
Plaza Colonia,1478.143,0.48
PTT Rayong,1478.1914,1.04
Ryukyu,1428.463,0.24
Kagoshima Utd,1379.3644,0.24
Cobresal,1541.828,1.23
Wuhan FC,1385.7281,1.17
Shenzhen,1297.4521,1.24
Chiangmai FC,1442.3692,1.15
Trat FC,1401.3211,1.28
Godoy Cruz (Arg),1491.3585,0.97
Deportes Tolima (Col),1484.7605,0.97
Huracan (Arg),1464.2326,0.99
FK Panevezys,1606.3212,0.99
BFC Daugavpils,1463.9315,0.34
Internacional (Bra),1584.0977,1.01
U. Catolica (Chi),1429.5772,1.18
Maardu,1351.9211,1.21
Dep. Municipal (Per),1477.0713,1.01
Independiente FBC (Par),1493.0109,0.97
Union de Santa Fe (Arg),1521.5495,1.0
Antofagasta (Chi),1469.4478,1.01
Aguilas (Col),1493.1231,1.02
Mjallby,1630.7801,0.24
Taraz,1453.7829,0.24
Okzhetpes,1424.0858,0.41
Skeid,1319.234,0.24
El Paso,1454.7022,0.24
U. Catolica (Ecu),1529.7548,1.04
Argentinos Jrs (Arg),1513.548,0.99
Raufoss,1448.7991,0.24
Vasteras SK,1502.1708,0.24
Memphis,1555.8277,0.24
HIFK,1346.3295,1.22
Zulia (Ven),1511.8121,1.01
La Equidad (Col),1501.4739,1.05
Mushuc Runa (Ecu),1491.9831,1.01
Austin Bold,1478.5899,0.29
Akranes,1478.3334,0.24
Operario-PR,1464.9092,1.03
Botafogo SP,1413.2677,1.08
Binacional (Per),1416.1632,1.17
Carrick Rangers,1426.7272,0.84
Kopavogur,1391.2941,0.24
Loudoun,1424.6021,0.24
Hartford Athletic,1449.4235,0.24
Cuiaba,1512.1378,0.98
New Mexico,1543.4541,0.24
Raith,1456.0486,0.94
Montrose,1467.6394,0.84
Bragantino,1581.6491,1.09
Forfar Athletic,1493.3926,0.96
PSS Sleman,1455.1048,1.19
Platanias FC,1491.9078,1.01
FK Indjija,1358.5791,0.24
Al Khaleej,1456.0877,1.06
Le Mans,1438.394,1.12
Kalteng Putra,1429.5052,1.0
Poprad,1491.1271,0.96
Tabor Sezana,1436.4727,0.24
Brno,1406.7765,1.11
Semen Padang,1437.6274,1.12
Sibenik,1374.2405,1.11
Jihlava,1490.5649,1.0
Kolos Kovalivka,1454.6677,0.8
Volyn Lutsk,1486.5076,0.99
U. Cluj,1579.6243,1.08
York Utd,1493.1391,1.09
Tre Penne (San),1353.7172,1.18
Feronikeli (Kos),1487.494,1.01
Barry (Wal),1466.4261,1.03
Sant Julia (And),1482.3207,1.03
Ballymena (Nir),1476.9748,1.03
Valour,1445.8388,1.06
St Josephs (Gib),1433.9835,1.09
Cardiff Metropolitan (Wal),1500.3246,1.0
Europa FC (Gib),1436.9602,1.06
Forge,1582.9856,1.07
HFX Wanderers,1482.5032,1.09
Pacific FC,1485.5128,1.06
Ararat-Armenia (Arm),1515.5092,1.16
Jeunesse Esch (Lux),1478.7329,0.99
Linfield (Nir),1435.9702,1.2
Ordabasy (Kaz),1478.333,1.07
Sabail (Aze),1486.0507,1.05
Debrecen (Hun),1476.3153,1.05
Brera Strumica (Mkd),1454.0497,1.04
Ruzomberok (Svk),1459.6848,1.03
Brann (Nor),1510.2143,1.08
Kauno Zalgiris (Ltu),1419.7196,1.07
St. Patricks (Irl),1494.35,1.01
Cukaricki (Srb),1500.2214,1.16
Maccabi Haifa (Isr),1593.2014,1.31
Breidablik (Ice),1510.1251,1.21
Zeta (Mne),1482.1423,1.04
Radnik Bijeljina (Bih),1497.5173,1.01
Speranta Nisporeni (Mda),1467.833,1.04
Bravo,1586.2408,0.92
Arda,1574.9896,1.09
Ceske Budejovice,1306.399,1.25
Iberia 1999 (Geo),1463.9666,1.05
HB Torshavn (Fai),1461.0225,1.02
Piast Gliwice (Pol),1499.4539,1.09
Rovaniemi (Fin),1485.9794,1.02
Cracovia (Pol),1491.242,1.02
Haugesund (Nor),1515.9587,1.0
RFS (Lat),1553.4978,1.22
KR Reykjavik (Ice),1460.0759,1.07
Norrkoping (Swe),1521.9267,1.02
Makedonija GP (Mkd),1446.9281,1.04
Vitebsk (Blr),1489.2755,1.0
Teuta (Alb),1453.7977,1.03
Mura (Slo),1498.2718,1.08
Inter Turku (Fin),1473.5641,1.03
Kilmarnock (Sco),1493.8552,1.01
Hibernians (Mlt),1466.0334,1.06
Tsarsko Selo,1444.8876,1.01
Chindia Targoviste,1450.8636,0.98
LKS Lodz,1347.7895,1.25
LPS HD Clinceni,1304.9582,1.28
Rakow,1660.744,1.03
Pohronie,1361.7669,0.24
Atl. San Luis,1478.4709,1.2
Chemnitzer,1470.9586,1.12
Plzen (Cze),1614.0492,1.08
ADR Jicaral,1458.4392,1.12
Arsenal Tula (Rus),1481.4336,1.0
Torino (Ita),1531.3659,1.09
Utrecht (Ned),1494.0553,1.01
Espanyol (Esp),1557.079,1.08
Wolves (Eng),1566.2718,1.07
Aris (Gre),1521.5944,1.07
Yeni Malatyaspor (Tur),1506.535,1.02
Strasbourg (Fra),1511.6286,1.01
Lechia Gdansk (Pol),1505.842,1.03
Mlada Boleslav (Cze),1548.6019,1.04
Lok. Plovdiv (Bul),1489.5268,1.02
Rodez,1472.1854,1.27
Bayern II,1466.2405,1.13
Chambly,1419.8244,1.17
Dornbirn,1400.5134,1.16
TSC,1577.194,1.05
Mannheim,1460.1662,1.12
Viktoria Koln,1488.2861,1.18
Skive,1395.7285,1.1
Kolding IF,1507.9561,1.0
Varazdin,1509.3667,0.93
Edmonton,1410.5419,1.15
Arsenal Sarandi,1407.9071,1.01
Lausanne Ouchy,1452.629,1.15
Dnipro-1,1631.3865,1.1
Jablonec (Cze),1500.5355,1.1
AEL Limassol (Cyp),1502.837,0.94
Vitoria Guimaraes (Por),1618.0375,1.1
Eintracht Frankfurt (Ger),1553.2912,1.01
Esbjerg (Den),1490.9667,0.98
Grazer AK,1540.5762,1.19
Central Cordoba,1479.1329,1.2
Stockport County,1615.4685,1.1
Torquay,1459.0527,1.18
Chorley,1381.0119,1.03
Arbroath,1299.4441,0.24
Juarez,1421.8349,1.13
Club Brugge KV (Bel),1560.8623,1.12
Woking,1421.6449,1.0
Krasnodar (Rus),1497.3987,1.05
Antwerp (Bel),1527.9578,1.1
Thun (Sui),1486.1989,1.04
Austria Vienna (Aut),1465.7059,1.15
Gil Vicente,1533.5918,1.1
Larne,1673.901,0.85
Javor,1434.862,0.24
Kaposvar,1342.8465,1.2
Virton,1356.1196,1.1
FC Porto (Por),1499.718,1.02
Bnei Yehuda (Isr),1493.0367,1.03
Trabzonspor (Tur),1490.7608,1.04
Penybont,1672.7875,0.97
Airbus,1260.887,0.33
Cavalry,1622.1112,1.07
Karagumruk,1572.4231,1.36
Casa Pia,1589.1277,1.1
Racing Santander,1532.2718,1.18
Vilafranquense,1462.7943,1.1
Pisa,1544.6891,1.15
Mirandes,1535.2104,1.13
Entella,1347.3229,1.15
Keciorengucu,1468.8323,1.0
Nes Tziona,1390.4122,1.05
Hapoel Kfar Saba,1389.8894,1.02
Menemenspor,1403.7651,0.24
Ponferradina,1450.4528,1.18
Pordenone,1325.7193,1.14
Al Adalah,1404.7183,1.13
Al Wakra,1585.6492,0.24
Zalaegerszegi,1498.9427,1.13
Volos,1385.7276,1.14
Trapani,1494.2971,1.12
Fuenlabrada,1393.4776,1.15
Juve Stabia,1455.6818,1.15
Damac,1456.4707,1.1
Abha,1377.8542,1.27
APOEL,1521.0444,1.17
Raja Beni Mellal,1387.7838,0.57
Aswan SC,1415.7989,1.14
ZED,1545.9782,1.08
Tanta,1392.1102,1.05
Cabinteely,1489.9535,0.92
Longford,1360.3115,0.46
Western United,1522.0755,1.23
Renaissance Zemamra,1547.7583,0.78
Hyderabad,1377.1798,1.09
Banga,1511.9609,1.02
Umea FC,1433.0075,0.56
Kvik Halden,1479.5137,0.96
12 de Octubre,1403.7431,0.24
Progreso (Uru),1477.847,1.02
Guairena,1467.8729,0.24
Palmaflor,1435.6515,1.12
S. Wanderers,1402.0733,1.06
Santa Cruz,1386.1528,1.18
Yaracuyanos,1422.3187,0.73
Carlos Stein,1355.9691,0.24
La Serena,1423.0278,1.12
Coquimbo (Chi),1515.898,0.98
Cerro Largo (Uru),1455.9919,1.11
Velez Sarsfield (Arg),1541.1372,1.15
Fenix (Uru),1487.3299,1.03
Gran Valencia,1472.4771,0.43
Grau,1578.0904,0.49
Llacuabamba,1434.685,0.59
Cienciano,1543.7089,0.75
Grau (Per),1492.7546,0.99
Huachipato (Chi),1488.243,1.11
Llaneros (Ven),1472.6033,1.03
Orense,1520.9013,0.99
Maldonado,1425.7414,0.24
Rentistas,1387.9274,0.24
Aragua (Ven),1453.9223,1.07
Aucas (Ecu),1472.6765,1.08
Always Ready (Bol),1492.2159,1.11
Rayong FC,1394.2765,1.22
LDU Portoviejo,1458.3753,1.15
Giravanz Kitakyushu,1398.9692,0.24
Kusatsu,1335.0448,0.24
River Plate (Par),1497.0283,1.09
Goias (Bra),1492.5074,0.97
Plaza Colonia (Uru),1489.121,0.98
Dep. Pasto (Col),1483.4397,0.99
Fortaleza (Bra),1570.1024,1.23
UiTM,1427.7772,0.57
Persiraja Aceh,1351.4242,1.05
PDRM FC,1440.3995,1.03
Tigre (Arg),1456.5985,1.07
Tanjong Pagar,1293.7894,0.96
Persita,1491.2246,1.1
Persik Kediri,1532.2484,1.14
Sabah,1632.0283,0.85
San Diego Loyal,1571.3682,0.24
Kaspij Aktau,1395.37,0.24
Legion,1408.5953,1.13
Tukums 2000,1392.5756,0.34
Akropolis,1431.9559,0.25
Ljungskile,1401.2879,0.57
Grotta,1408.0812,0.69
Haka,1528.5213,1.17
Stjordals Blink,1327.1783,0.24
Grorud,1356.5527,0.24
Oygarden,1403.4158,0.57
Dubnica,1481.9005,0.96
Philadelphia Union II,1442.5147,0.86
Mazatlan FC,1432.0817,1.03
Orijent,1485.7813,1.0
Zlatibor Cajetina,1396.0313,0.49
Metalac,1426.2537,0.24
Novi Pazar,1523.4682,1.0
CSKA 1948 Sofia,1543.3501,1.1
Miami FC,1381.8434,0.24
Confianca,1423.087,1.07
Montana,1429.3521,1.09
Cangzhou,1448.262,1.17
Mioveni,1354.1604,1.03
Nautico,1356.411,1.21
Qingdao FC,1333.1657,1.11
Budafoki,1387.4035,1.15
Celje (Slo),1519.798,1.13
Floriana (Mlt),1466.6255,0.96
Atl. Ottawa,1545.509,1.11
Glentoran (Nir),1469.8823,1.04
Deinze,1503.8848,1.15
FC Arges,1434.9592,1.1
RWDM,1550.9188,1.09
Inter Miami,1590.8944,0.51
Warta Poznan,1487.6621,1.03
Inhulets,1416.8132,0.96
KF Tirana (Alb),1452.1792,1.02
Lok. Zagreb (Cro),1481.5673,1.01
Gjilani (Kos),1483.196,1.05
Loco. Tbilisi (Geo),1502.8158,1.02
Sumqayit (Aze),1474.4037,0.97
Hammarby (Swe),1514.8703,1.1
Bodo/Glimt (Nor),1629.7849,1.22
Aarhus (Den),1488.8156,1.07
Borac Banja Luka (Bih),1464.9991,1.03
Motherwell (Sco),1490.8196,1.05
Servette (Sui),1507.9709,1.03
Iskra (Mne),1490.7024,0.95
UTA Arad,1512.108,1.05
Seraing,1335.8393,1.15
Stal Mielec,1477.1824,1.09
K. Lierse S.K.,1427.4363,1.21
Dunkerque,1465.5036,1.13
Pau FC,1425.4405,1.17
FK Pardubice,1413.0085,1.02
Koper,1590.245,0.73
Podbeskidzie,1423.3921,1.11
Club Brugge KV U23,1459.9381,1.15
Sporting San Jose,1489.7673,1.1
Vizela,1542.1971,1.13
Flint,1471.1908,1.04
Minaj,1419.7677,1.11
Omonia (Cyp),1574.2862,1.11
Goteborg (Swe),1494.1239,1.01
OFI Crete (Gre),1493.9086,0.99
Inter Escaldes (And),1461.6216,1.12
Viking (Nor),1502.8924,1.03
TSC (Srb),1460.2372,1.15
Sileks (Mkd),1467.4329,1.01
FC Botosani (Rou),1499.5837,1.0
Kaisar Kyzylorda (Kaz),1487.1148,1.03
Sf.Gheorghe (Mda),1466.3102,1.06
Renova (Mkd),1499.5377,0.98
SK Rapid II,1417.7998,1.21
Bandirmaspor,1510.154,1.02
Tuzlaspor,1442.4987,0.5
Castellon,1444.307,1.11
Haverfordwest,1620.8523,0.75
Lubeck,1348.7834,1.19
Rukh Lviv,1534.4241,1.03
FC Cartagena SAD,1333.8516,1.12
Samsunspor,1635.6592,1.21
Willem II (Ned),1506.349,1.04
Sporting CP (Por),1494.5633,1.01
Charleroi (Bel),1501.8203,1.02
FK Rostov (Rus),1493.5229,1.01
Galatasaray (Tur),1547.992,1.12
Granada CF (Esp),1541.4818,1.03
AC Milan (Ita),1525.442,1.04
Wolfsburg (Ger),1519.2086,1.02
Monza,1516.6287,1.13
Verl,1504.4584,1.16
Saarbrucken,1544.7697,1.1
UD Logrones,1421.297,0.97
Reggiana,1419.1281,1.04
Turkgucu Munchen,1411.8047,1.08
Liberec (Cze),1536.765,1.03
Tottenham (Eng),1541.7863,1.06
Kings Lynn,1365.6113,1.2
Altrincham,1535.3076,1.19
L.R. Vicenza,1410.1796,1.08
Reggina,1447.3031,1.1
Sabadell,1476.3339,1.04
Weymouth,1311.434,1.13
Wealdstone,1395.8423,1.22
Portadown,1458.8043,0.9
Omonia,1471.2546,1.13
Al Ain,1408.452,1.15
Galway,1557.3254,0.84
KTP,1351.4546,1.09
Zhejiang Professional,1589.3691,1.29
East Bengal,1426.0851,1.07
Mohun Bagan,1679.2769,1.1
Maghreb Fez,1533.4778,0.75
Asker,1475.643,0.92
Chabab Mohammedia,1313.0093,1.08
National Bank Egypt,1561.7318,1.14
Ceramica Cleopatra,1561.2059,1.15
Ghazl El Mahallah,1436.6696,1.07
Macarthur FC,1465.7225,1.22
Manta,1458.0913,1.12
Cesar Vallejo (Per),1438.8484,1.11
Sagamihara,1427.2603,0.45
Nueve de Octubre,1458.2938,1.12
Penang,1429.5076,0.61
Dainava Alytus,1521.5754,0.96
Dziugas Telsiai,1490.8296,1.07
Alianza Atl.,1532.6554,0.62
12 de Octubre (Par),1494.1625,0.93
Ayacucho (Per),1466.8887,1.06
Guairena (Par),1504.5085,1.07
Metropolitanos (Ven),1405.9752,1.1
Cobresal (Chi),1451.8626,0.99
Carlos Mannucci (Per),1485.1302,1.04
Blaublitz,1470.4262,0.57
Nublense,1542.6696,1.09
Tomayapo,1541.3422,1.09
Hegelmann,1667.3803,1.23
Melipilla,1478.3462,1.12
Turan,1418.8045,0.42
Montevideo City (Uru),1534.8848,1.04
Palmaflor (Bol),1465.1721,1.05
Guayaquil City (Ecu),1479.6128,1.02
Puerto Cabello (Ven),1439.4854,1.06
Vasalund,1410.7966,0.57
Atletico GO (Bra),1563.848,0.98
Ceara (Bra),1583.7617,1.01
Rentistas (Uru),1469.2984,0.99
Inter de Barinas,1421.8734,0.24
Bragantino (Bra),1575.3309,1.18
Nevezis Kedainiai,1316.4874,1.11
Noah,1289.2047,0.68
Universidad Central,1577.7754,0.49
Arsenal Sarandi (Arg),1512.537,0.99
AC Oulu,1469.8599,1.15
Leiknir,1386.66,0.38
Cove Rangers,1369.9536,0.49
Airdrieonians,1378.1909,1.13
Villa Espanola,1395.1941,0.58
Cerrito,1354.4163,0.24
Bryne,1563.1566,0.24
Villefranche,1466.9774,1.04
Sud America,1455.492,0.58
Banska Bystrica,1437.2232,1.01
Brusque,1381.0731,0.88
NK Krka,1494.4214,0.96
Remo,1439.321,0.96
Austin FC,1466.9708,0.31
Folgore (San),1465.183,1.05
Oakland Roots,1449.0114,0.24
Mons Calpe (Gib),1481.4647,1.02
Mosta (Mlt),1496.5696,1.03
FK Podgorica (Mne),1491.0461,1.0
Noah (Arm),1515.7397,1.11
Honka (Fin),1483.7763,1.02
Paide (Est),1459.6546,1.04
Velez Mostar (Bih),1475.942,1.08
Birkirkara (Mlt),1490.3134,0.99
Bala (Wal),1467.7653,0.99
Zilina (Svk),1483.4074,1.16
Newtown (Wal),1464.0569,1.04
Vllaznia (Alb),1451.3905,1.04
Struga (Mkd),1462.2141,1.1
Dinamo Batumi (Geo),1473.1059,1.05
Dila Gori (Geo),1476.466,1.04
Valmiera (Lat),1462.3366,1.06
Ararat Yerevan (Arm),1488.1025,1.09
Slask Wroclaw (Pol),1518.5973,1.11
Sligo Rovers (Irl),1501.3003,1.03
Gagra (Geo),1490.8875,0.99
Larne (Nir),1461.2203,1.03
Bohemians (Irl),1521.9305,1.02
Hesperange (Lux),1486.7647,1.04
Puskas Academy (Hun),1470.4733,1.08
Decic (Mne),1471.1978,0.99
KF Llapi (Kos),1443.0268,1.06
Sarmiento Junin,1409.669,0.98
FC Rapid Bucuresti,1612.495,1.1
FK Panevezys (Ltu),1438.315,0.99
Pogon Szczecin (Pol),1491.553,1.07
Arda (Bul),1476.7693,1.01
Elfsborg (Swe),1581.1622,1.11
Sochi (Rus),1518.3968,1.07
Dragovoljac,1400.4099,1.07
Radnicki 1923,1605.3379,0.88
Termalica B-B.,1460.7798,1.09
Platense,1498.4364,0.91
L. Mikulas,1368.5448,0.24
Veres-Rivne,1503.7677,1.21
Leczna,1424.7244,1.06
TSV Havelse,1366.0065,1.09
Bastia,1480.0934,1.06
Hradec Kralove,1529.1732,1.03
Radomlje,1483.1949,0.86
Farul Constanta,1551.8005,1.11
Viktoria Berlin,1407.9604,1.1
Metalist 1925,1386.3634,1.15
U Craiova 1948,1460.9574,1.21
Kolubara,1429.6948,0.24
Freiburg II,1418.1858,1.05
Rakow (Pol),1578.3974,0.97
SC Ashdod (Isr),1495.9959,0.97
Sivasspor (Tur),1486.3308,1.03
Valerenga (Nor),1497.6629,1.01
Zhodino (Blr),1461.4902,1.06
Slovacko (Cze),1501.9572,1.0
Santa Clara (Por),1538.182,1.01
Vojvodina (Srb),1456.4222,1.05
Vorskla Poltava (Ukr),1484.0229,1.1
Sepsi Sf. Gheorghe (Rou),1514.0485,1.09
Shakhter Karagandy (Kaz),1496.8335,0.99
Jammerbugt,1339.4264,1.2
Gyirmot,1463.0903,1.01
Yverdon,1489.0272,1.13
Radomiak Radom,1488.0503,1.16
Dortmund II,1456.04,1.15
Lok. Sofia,1443.3755,1.14
Pirin Blagoevgrad,1416.6892,1.01
Pacos Ferreira (Por),1503.7966,1.0
Kolos Kovalivka (Ukr),1490.1394,0.98
Guanacasteca,1525.5441,1.06
Estrela,1509.004,1.08
Shakhtar Donetsk (Ukr),1522.9513,1.01
Monaco (Fra),1511.7266,1.04
Rubin Kazan (Rus),1493.4539,0.97
Anderlecht (Bel),1555.0601,1.02
St Johnstone (Sco),1482.9729,1.04
Trofense,1492.7855,1.07
Real SC,1445.0329,1.04
R. Sociedad B,1424.5538,1.09
Quevilly Rouen,1436.7321,1.23
Oriental Dragon,1434.0768,1.03
Sanjoanense,1429.1419,1.13
Torreense,1517.8037,1.08
Anadia,1444.7983,1.09
Sao Joao Ver,1488.2729,1.1
CDC Montalegre,1420.3682,1.17
Kocaelispor,1558.8491,0.66
Rennes (Fra),1528.5414,1.01
Randers FC (Den),1493.5501,1.01
AD Fafe,1501.5714,1.15
Pevidem,1384.8711,1.07
Oliveira Hospital,1438.4036,1.09
Leiria,1558.5569,1.08
Santarem,1471.8256,1.08
Eyupspor,1635.7585,0.71
UD Ibiza,1385.1739,1.2
Canelas 2010,1444.8215,1.12
Alverca,1609.0921,1.17
Sporting CP B,1525.6402,1.1
Lusitania FC,1576.0838,1.09
Felgueiras,1548.1831,1.11
Ternana,1415.103,1.1
Manisa FK,1419.0243,0.95
Union Berlin (Ger),1516.5681,0.99
AS Roma (Ita),1521.0974,1.01
MLS All-Stars,1513.2937,0.96
Al Taee,1404.078,1.14
Caldas,1461.1586,1.16
Amorebieta,1441.0687,1.09
Burgos CF,1450.9153,0.98
Nof Hagalil,1415.1542,1.04
Nong Bua Pitchaya,1453.5883,1.2
Chiangmai Utd,1432.2799,1.07
Khonkaen Utd.,1421.0332,1.13
Como,1584.5428,1.14
Alessandria,1405.7231,1.09
Hapoel Jerusalem,1507.3913,1.06
Sheriff Tiraspol,1498.2913,1.21
Shamal,1449.7357,0.24
Lincoln Red Imps,1465.2942,1.22
Anorthosis,1518.7374,1.12
Ionikos,1420.4146,1.12
Amora,1464.0015,1.14
Jeunesse Sportive Soualem,1420.8205,0.74
Alashkert,1470.6513,1.04
Modern Sport,1549.8737,0.89
Pharco,1530.8895,0.89
Eastern Company,1478.6128,1.09
Treaty United,1485.4484,0.96
Hodd,1427.5879,0.51
Arendal,1463.9459,0.88
Skovde AIK,1362.0096,0.24
Ameliano,1545.8306,0.66
Chengdu Rongcheng,1682.2507,1.13
Copiapo,1434.3647,1.23
Universitario de Vinto,1508.0632,1.02
Resistencia,1390.8712,0.24
Albion,1444.0852,0.5
Tacuary,1437.249,0.24
AD Tarma,1574.0868,0.86
General Caballero JLM,1519.317,0.46
Cumbaya,1414.8324,1.12
America MG (Bra),1507.3978,1.17
Gualaceo,1409.476,1.12
Sarawak Utd.,1425.112,0.65
Charlotte,1534.726,0.44
Siauliai FA,1563.3501,1.17
Cienciano (Per),1488.4059,1.0
Nublense (Chi),1480.1273,0.97
Aksu,1414.4719,0.38
Inter de Barinas (Ven),1493.8723,1.01
Maqtaaral,1487.4548,0.36
Gimpo FC,1465.1867,1.01
General Caballero JLM (Par),1469.2968,1.09
Sport Boys (Per),1495.5489,1.03
Nueve de Octubre (Ecu),1483.7912,1.09
Detroit,1552.4363,0.24
Grulla Morioka,1355.8332,0.45
Auda,1622.8788,0.33
Independiente (Bol),1445.1633,1.09
Cuiaba (Bra),1509.4369,1.04
Utsikten,1463.5193,0.24
Tombense,1424.3872,1.14
Ituano,1407.3977,1.22
Fram,1436.9315,0.24
Novorizontino,1545.0259,1.08
Annagh,1469.4759,0.92
Queen's Park,1437.9797,0.9
Vlasim,1479.4925,1.01
IMT Novi Beograd,1497.1577,0.95
Zeleznicar Pancevo,1527.4894,0.99
Barracas Central,1452.1298,1.07
Meizhou Hakka,1472.19,1.19
Wuhan Three Towns,1538.8139,1.09
Veria,1488.1688,1.01
FC Ballkani (Kos),1557.273,1.1
UE Santa Coloma (And),1432.7363,1.06
Magpies (Gib),1477.4973,1.04
Spartak Varna,1468.6472,1.15
Vikingur Reykjavik (Ice),1526.1973,1.02
SJK (Fin),1482.7027,1.05
Differdange (Lux),1464.1358,1.09
Hamrun (Mlt),1472.5911,1.05
Tuzla City (Bih),1500.7865,1.04
Atletic Escaldes (And),1439.5891,1.0
Bellinzona,1396.2997,1.0
Mladost GAT,1448.2945,0.5
Skalica,1483.6737,1.1
Petrolul,1499.3866,0.99
Hebar,1361.0704,1.18
Botev Plovdiv (Bul),1473.9123,1.04
Aris (Cyp),1519.5948,1.14
Koper (Slo),1491.3694,0.99
Zira (Aze),1510.1777,1.06
Kyzylzhar (Kaz),1499.7457,0.98
Puntarenas FC,1504.0922,1.04
First Vienna,1533.0085,1.18
RW Essen,1477.1678,1.12
VfB Oldenburg,1412.9747,1.06
Persis Solo,1503.5972,1.08
FC Gomel (Blr),1477.7414,1.04
Zurich (Sui),1522.0928,1.04
Viborg (Den),1505.2173,1.01
Netanya (Isr),1492.1239,0.99
Kisvarda (Hun),1512.7417,0.98
Konyaspor (Tur),1508.7554,1.04
RANS Nusantara,1396.6424,1.15
Hillerod,1505.079,1.12
Kecskemeti TE,1498.1664,1.09
Annecy,1446.7647,1.14
Widzew Lodz,1472.5255,1.15
Dewa United,1623.1672,1.22
Sturm Graz II,1446.1241,1.15
Al Markhiya,1404.1057,0.41
Royale Union SG (Bel),1503.9499,1.01
Wolfsberger AC (Aut),1509.3129,1.0
Lugano (Sui),1458.8197,1.1
Dundee Utd (Sco),1489.9926,1.03
Vasas,1455.8734,0.99
Bayreuth,1363.7301,1.17
Elversberg,1557.6693,1.18
York City,1580.2656,1.22
Dorking,1368.598,1.19
Laval,1468.9782,1.06
Panathinaikos (Gre),1518.5573,1.08
Gil Vicente (Por),1498.8739,1.04
Twente (Ned),1524.2207,1.08
Dender,1504.6883,1.15
Lampang,1412.1042,1.07
Pontypridd,1451.0297,0.24
Bodrumspor,1557.9402,0.71
Sakaryaspor,1486.8628,1.0
Modena,1463.8059,1.1
Anderlecht U23,1391.745,1.22
Genk U23,1320.9813,1.19
West Ham (Eng),1526.2211,1.03
FC Koln (Ger),1509.9025,1.0
Fiorentina (Ita),1519.3749,1.02
Dnipro-1 (Ukr),1461.6403,1.07
Villarreal (Esp),1521.6578,1.03
Villarreal B,1412.9748,1.11
Bari,1487.6414,1.04
St. Liege U23,1292.1348,1.08
Os Belenenses,1469.0387,1.08
Sudtirol,1459.5249,1.18
Lamphun Warrior,1522.1484,1.04
Pendikspor,1477.6704,1.39
Paredes,1478.0281,0.91
Fontinhas,1442.5151,1.1
Hearts (Sco),1468.5148,1.01
Nice (Fra),1507.2684,0.99
Silkeborg (Den),1491.5164,1.05
Moncarapachense,1394.7105,1.14
Vilaverdense,1379.0182,1.08
Maccabi Bnei Raina,1463.7168,1.04
Metalist Kharkiv,1395.2755,1.12
Kryvbas,1575.6417,1.04
Andorra,1434.3365,0.98
FC Ballkani,1501.7983,1.12
Union Touarga,1512.9556,0.92
Pyunik Yerevan,1518.5116,1.16
Jaro,1488.4411,1.01
Sandviken,1485.0649,0.55
Elva,1487.5876,0.99
Neptunas,1473.3886,1.0
Libertad Gran Mamore,1455.0362,1.12
Grobina,1402.4018,0.54
Magallanes,1470.9178,1.12
Sportivo Trinidense,1534.3632,0.61
Instituto,1460.641,1.16
Angostura,1478.8067,0.27
La Luz,1442.5616,0.51
Deportivo Garcilaso,1542.4429,0.5
Iwaki,1477.4544,0.41
Curico Unido (Chi),1486.2806,0.98
Magallanes (Chi),1492.542,1.08
Maldonado (Uru),1483.8087,1.0
Fujieda MYFC,1419.5504,0.56
Rayo Zuliano,1519.4519,0.47
Cheonan City,1383.7734,1.12
Kuching City FC,1480.2955,1.1
Libertad,1507.7592,1.09
Kelantan DNFC,1333.7175,1.02
Cheongju,1393.2702,1.02
Vaca Diez,1457.5021,1.13
St. Louis City,1486.2439,0.32
Tacuary (Par),1470.797,1.15
Harju JK Laagri,1414.0869,1.01
Pereira (Col),1510.4416,0.96
Patronato (Arg),1474.5242,1.04
Gimnasia L.P. (Arg),1476.5002,0.96
Moss,1514.3461,0.24
Mirassol,1566.0583,0.92
ABC,1417.9491,1.09
Qingdao Hainiu,1463.3398,1.11
Nantong Zhiyun,1425.0747,1.13
Vancouver FC,1431.8584,1.06
Presov,1488.529,0.96
Gloria Buzau,1422.6017,1.08
Graficar Beograd,1488.176,0.96
Vyskov,1473.6217,0.95
MFC Metalurh,1485.463,1.03
LNZ Cherkasy,1486.8187,1.05
Farul Constanta (Rou),1523.7176,1.05
Penybont (Wal),1486.9848,1.0
Hegelmann (Ltu),1478.4984,1.01
Dukagjini (Kos),1488.5961,1.07
KA Akureyri (Ice),1497.498,1.09
Haka (Fin),1490.8002,1.01
Krumovgrad,1499.8609,0.92
Otelul,1488.3166,0.97
Neman (Blr),1478.4818,1.02
Arsenal Tivat (Mne),1479.2396,1.04
Cosmos (San),1490.3101,0.99
Egnatia (Alb),1481.53,1.06
Haverfordwest (Wal),1494.5289,1.0
Zimbru Chisinau (Mda),1451.6923,1.04
B.93,1397.8713,1.14
Liberia,1506.018,1.15
CSKA 1948 Sofia (Bul),1482.9335,1.02
Kecskemeti TE (Hun),1496.3138,1.03
Auda (Lat),1513.7704,1.04
Kalmar (Swe),1486.6568,1.02
Bregenz,1484.6533,1.13
Leoben,1535.0551,1.02
Obolon,1423.0954,0.96
Ruch Chorzow,1485.2208,1.08
Stade Nyonnais,1382.0976,1.14
Baden,1333.5507,1.13
Aktobe (Kaz),1491.1879,1.03
Adana Demirspor (Tur),1510.6585,1.04
Zalaegerszegi (Hun),1485.8317,1.0
Sabah Baku (Aze),1512.5222,1.04
Bohemians (Cze),1479.7432,1.03
Stripfing,1389.2065,1.06
Concarneau,1404.7287,1.11
Kidderminster,1425.7213,0.97
Ulm,1512.2163,1.0
Puszcza,1476.776,1.03
Pero Pinheiro,1369.8256,1.1
Arouca (Por),1495.2373,1.02
Loughgall,1386.4135,1.27
Nakhon Pathom,1442.9177,1.09
RFC Liege,1468.6901,1.1
Patro Eisden,1551.4716,1.08
Uthai Thani,1544.1365,1.1
Polissya Zhytomyr,1554.8596,1.05
AVS,1547.8142,1.11
Oxford City,1340.4264,1.15
SC Vianense,1418.2379,0.96
1 Dezembro,1473.7481,1.05
Atletico CP,1524.3716,1.05
Colwyn Bay,1422.5136,0.55
Al Riyadh,1460.4828,1.02
Sanliurfaspor,1441.1447,0.85
Marseille (Fra),1493.4315,1.01
Corum,1518.3417,0.83
Al Okhdood,1416.6431,1.04
Rogaska,1471.2858,0.51
Francs Borains,1392.3152,1.11
Lille (Fra),1526.8459,1.03
Osasuna (Esp),1496.2173,1.02
FeralpiSalo,1413.1275,1.17
Catanzaro,1516.3056,1.15
Racing Club Ferrol,1370.6154,1.12
Eldense,1437.6443,1.13
Aston Villa (Eng),1533.6851,1.02
Muaither SC,1420.1226,0.64
Kifisia,1408.3367,1.15
Hapoel Petah Tikva,1407.1328,1.02
Panserraikos,1446.0367,1.17
Lecco,1346.4,1.16
Zrinjski,1499.2549,1.01
Baladiyat El Mahalla,1430.0708,1.12
Punjab,1458.0827,1.13
Mikkeli,1485.8378,1.02
Gnistan,1508.7087,1.14
Lyn,1520.9561,0.52
BE1 NFA,1488.3629,1.0
Nordic United,1483.2524,0.96
Skanste,1468.3461,0.96
Viimsi JK,1463.861,1.0
SA Bulo Bulo,1513.3205,1.21
2 de Mayo,1548.6459,0.56
Los Chankas,1499.5088,0.76
Aurora (Bol),1483.8418,1.01
Miramar,1458.705,0.77
Cobreloa,1451.3576,1.14
Portuguesa (Ven),1485.4018,1.02
Sportivo Trinidense (Par),1476.67,1.0
GV San Jose,1582.2549,1.17
Qingdao West Coast,1512.3632,1.14
Yelimay Semey,1521.0228,0.8
Tomayapo (Bol),1464.4725,1.0
Universitario de Vinto (Bol),1479.1987,0.99
Deportivo Garcilaso (Per),1495.0596,1.02
Rayo Zuliano (Ven),1453.6805,1.04
Alianza (Col),1486.904,1.03
Racing Montevideo (Uru),1525.304,1.07
Zhenis,1471.6465,0.61
Tecnico U. (Ecu),1485.6881,1.01
Ameliano (Par),1512.1255,1.03
Transinvest,1504.9267,1.02
Imbabura,1439.4336,1.2
Shenzhen Xinpengcheng,1474.2634,1.07
Nomme Utd,1351.6375,1.07
Belgrano (Arg),1514.7931,0.99
Rhode Island,1555.4633,0.54
Oddevold,1433.4694,0.57
Amazonas,1473.6666,0.93
Egersund,1475.418,0.56
Ekenas,1411.377,1.07
Vestri,1452.5172,0.6
Dep. Riestra,1512.6179,0.93
Ind. Rivadavia,1508.6152,1.0
Csikszereda M. Ciuc,1486.2352,0.98
Tekstilac Odzaci,1457.5718,1.26
Epitsentr,1478.274,1.05
Livyi Bereg,1485.1302,0.92
Taborsko,1489.2107,1.0
U.A.N.L.- Tigres,1533.3458,0.98
U.N.A.M.- Pumas,1529.6639,1.0
Caernarfon (Wal),1472.345,1.06
VPS (Fin),1484.2821,1.0
Bravo (Slo),1498.1791,1.0
Malisheva (Kos),1488.9769,1.0
Siauliai FA (Ltu),1486.5598,0.98
Tikves (Mkd),1496.7056,1.03
UNA Strassen (Lux),1481.7158,1.0
Paks (Hun),1523.1992,1.07
Tallinna Kalev (Est),1478.9725,1.0
Wisla (Pol),1499.3076,1.15
Mornar Bar (Mne),1496.1953,1.05
Shelbourne (Irl),1492.6291,1.0
Corvinul (Rou),1474.9935,1.03
Marsaxlokk (Mlt),1492.1206,1.01
Pafos (Cyp),1502.3249,1.07
Isloch (Blr),1490.47,0.99
Unirea Slobozia,1444.6476,1.07
GKS Katowice,1527.8609,1.04
Motor Lublin,1521.119,1.14
Virtus (San),1481.9603,1.02
Santa Ana,1448.0652,1.11
G.A. Eagles (Ned),1492.7851,0.99
Ostrava (Cze),1521.3031,1.02
Radnicki 1923 (Srb),1495.797,1.01
Etoile-Carouge,1512.2345,1.03
Nyiregyhaza,1477.4203,0.99
Nafta,1458.8873,1.3
Komarno,1494.1498,1.26
Jedinstvo U.,1442.1603,1.35
Kosice,1531.2957,1.38
OFK Beograd,1514.2814,1.36
Polissya Zhytomyr (Ukr),1482.8076,1.01
Transinvest (Ltu),1482.7349,0.99
Maccabi Petah Tikva (Isr),1466.3037,1.0
Cercle Brugge KSV (Bel),1507.0686,1.04
St. Mirren (Sco),1499.1341,1.01
Cherno More (Bul),1496.6877,0.99
Sliema (Mlt),1479.9774,1.02
Tromso (Nor),1505.8853,0.99
Gyor,1543.1045,1.02
ASK Voitsberg,1480.8531,0.98
Primorje,1502.9309,1.44
SC Lusitania,1421.4665,1.01
Kryvbas (Ukr),1466.8227,1.01
Alemannia Aachen,1480.8512,0.98
Tamworth,1456.0194,1.14
Boston Utd,1409.1533,1.02
Hannover II,1399.5832,1.11
Briton Ferry,1478.2877,1.45
Stuttgart II,1456.8429,1.08
Karpaty Lviv,1520.7585,0.99
Amarante,1509.4264,0.95
PSBS Biak Numfor,1529.5926,1.05
Malut United,1564.4245,1.02
Cesena,1492.7481,1.11
Igdir FK,1481.2195,1.1
Martigues,1411.2901,1.03
Amedspor,1511.3797,1.05
Lens (Fra),1496.3541,1.01
Chelsea (Eng),1504.1479,1.01
Lokeren-Temse,1440.6312,1.0
RAAL La Louviere,1567.2183,1.06
Al Kholood,1480.4473,1.13
Mantova,1443.1247,1.09
Carrarese,1444.351,1.03
Betis (Esp),1523.2103,1.01
Heidenheim (Ger),1516.4047,1.02
Erokspor,1499.6699,1.2
Ironi Tiberias,1477.2948,0.98
COD Meknes,1503.2855,1.34
Athens Kallithea,1443.0419,1.04
Mohammedan,1386.5069,1.0
Al Orubah,1442.3588,1.1
Petrocub,1473.9461,1.02
Borac Banja Luka,1520.0799,1.06
Din. Minsk,1488.4814,1.01
Auckland FC,1581.1277,1.06
Pafos,1539.9923,1.11
Stockholm Internazionale,1482.5779,0.96
Lunds,1477.3201,0.96
Alberts JDFS,1490.2848,0.96
Real Oruro,1497.1821,1.01
America De Cali,1533.6128,1.09
Chico,1476.9925,1.03
Junior,1518.7016,1.0
Atl. Nacional,1554.1821,1.09
Santa Fe,1530.4177,1.05
Alianza,1510.2603,1.01
Atl. Tembetary,1485.5453,1.26
Deportes Tolima,1519.624,0.96
Aguilas,1481.2376,0.99
Recoleta,1507.9182,1.33
Once Caldas,1489.4443,1.06
Dep. Pasto,1510.7043,0.98
Anzoategui FC,1528.0651,1.32
Dep. Cali,1516.5618,0.96
La Equidad,1467.9912,0.97
Ind. Medellin,1542.1041,0.98
Bucaramanga,1480.6655,0.97
Pereira,1488.4332,1.0
U. Magdalena,1466.8463,1.01
Millonarios,1509.5817,1.08
Envigado,1467.467,1.05
Jeju SK,1506.0687,1.0
Imabari,1508.1919,1.24
Juan Pablo II,1471.6732,1.05
Limache,1488.9048,1.02
Deportes Iquique (Chi),1495.6847,1.04
Universidad Central (Ven),1498.6626,1.02
Yunnan Yukun,1496.5699,0.98
Vinotinto,1507.7971,1.01
Toyama,1516.0297,1.16
Hwaseong,1480.1201,1.0
San Diego FC,1524.3727,1.1
AD Tarma (Per),1485.8953,1.0
Al Fayha,1496.4948,0.99
Sirens (Mlt),1493.7581,1.01
Dinamo-Auto (Mda),1493.0198,1.0
Union Titus Petange (Lux),1488.6609,1.0
Shirak Gyumri (Arm),1488.2354,1.01
Dynamo Moscow (Rus),1493.354,1.01
Reims (Fra),1501.0269,0.98
Hartberg (Aut),1493.3002,1.02
Alanyaspor (Tur),1494.9927,0.99
Sonderjyske (Den),1485.5696,1.01
Desna (Ukr),1489.7437,1.0
Liga MX All-Stars,1486.7063,0.96
Svoge,1491.9755,0.99
SJK Akatemia,1502.9654,1.05
Marek,1491.2845,1.0
Dalian Yingbo,1495.5416,1.01
Ulytau,1489.8015,1.04
GV San Jose (Bol),1506.8963,0.99
2 de Mayo (Par),1490.051,1.0
Orense (Ecu),1492.9169,1.01
